username,userid,profile_location,created_at,text,retweet_count,source
vhyunn,3300297049,,2015-07-29 06:45:18,"서부내율고속도로
승두천개발
개발정보
진공관
브리츠
평택신영리
블루투스스피커
블루투스
고덕신도시
LED컬러
360도고음질
신영리
토지투자
코로나19
현덕지구
바이러스
스피커
듀얼플레이
unity93034 https://t.co/TDsIip17rV",0,Twitter for Android
송이😷,786614275,우주,2012-08-28 09:24:49,"RT @yarlyshirley: 코로나 집단감염이 있었는데도 회식하고, 강제참여시키고, 성추행에 은폐 따돌림으로 사람 죽인 공군 20 전투 비행단. 가해자 얼굴 신상 공개하고 책임자들 전부 직위해제 시켜라 https://t.co/yv52UWAezS",1005,Twitter for Android
서동건,1348678792630267905,,2021-01-11 17:11:11,"전남여행
전남휴게소전남횟집
전남모텔
전남콜걸
전남코로나
전남콜걸샵
전남페이만남
전남훈녀
전남맛집
전남조건만남
전남출장안마
전남오피
전남출장마사지
전남섹파
전남출장
전남노래방
전남애인대행
shfoqkdgi541 https://t.co/2UOPSMs6zN",0,Twitter for Android
관휘아빠,834530360,,2012-09-20 01:48:58,"RT @jini_2018: 코로나19 백신 접종 미룬 이재명 경기지사, 네 번째 자가격리 | 다음 뉴스 https://t.co/HimPWbpP94 
주사 왜 미루니?",9,Twitter for Android
polka dot,628687260,,2012-07-06 18:18:57,"RT @yarlyshirley: 코로나 집단감염이 있었는데도 회식하고, 강제참여시키고, 성추행에 은폐 따돌림으로 사람 죽인 공군 20 전투 비행단. 가해자 얼굴 신상 공개하고 책임자들 전부 직위해제 시켜라 https://t.co/yv52UWAezS",1005,Twitter for iPhone
불멸의뫄앙고,1239905509047554048,흑백 사랑해,2020-03-17 13:24:53,"RT @yarlyshirley: 코로나 집단감염이 있었는데도 회식하고, 강제참여시키고, 성추행에 은폐 따돌림으로 사람 죽인 공군 20 전투 비행단. 가해자 얼굴 신상 공개하고 책임자들 전부 직위해제 시켜라 https://t.co/yv52UWAezS",1005,Twitter Web App
상큼한아침,186487217,,2010-09-03 16:01:01,"RT @jini_2018: 코로나19 백신 접종 미룬 이재명 경기지사, 네 번째 자가격리 | 다음 뉴스 https://t.co/HimPWbpP94 
주사 왜 미루니?",9,Twitter for iPhone
🌸NAYEON🌸,833931336146620416,너는 나의 단 하나의 에움길이었다,2017-02-21 06:48:19,"RT @yarlyshirley: 코로나 집단감염이 있었는데도 회식하고, 강제참여시키고, 성추행에 은폐 따돌림으로 사람 죽인 공군 20 전투 비행단. 가해자 얼굴 신상 공개하고 책임자들 전부 직위해제 시켜라 https://t.co/yv52UWAezS",1005,Twitter for Android
거래 계정,1185600431273082880,코로나 연기 취소시 모든공연 티켓원가만 환불가능,2019-10-19 16:55:49,"뷰티풀민트라이프 뷰민라 2021 양도
→코로나등 취소의경우 티켓원금만 환불
→아이디이동
6/27 일 낮공
203구역 2~3열 2연석 +3
202구역 5열 +1.5",0,Twitter for Android
( ! )공운( ¡ ),1394531032813096961,대한민국 마포구,2021-05-18 05:51:30,"RT @ppapper: 친한 형 아들이 초등학생인데 과제로 교실에 소규모 인터넷을 구성하는 걸 진행중인데 -마침 코로나로 학교에 사람도 없어서- 랜케이블도 깔아보고 장비도 연결해보고 그런걸 하는데 아빠를 비롯한 나, 형 친구들과 온갖 무뢰배들이 모여…",291,Twitter for Android
거래 계정,1185600431273082880,코로나 연기 취소시 모든공연 티켓원가만 환불가능,2019-10-19 16:55:49,"뮤지컬 광화문연가 양도
→코로나등 취소의경우 티켓원금만 환불
→계정이동 예매내역서
7/17 2회
C블 8~9열 +2",0,Twitter for Android
솔링_,4718630192,,2016-01-06 13:14:05,"RT @OWL_inee: 훈련소 꿀팁(?) 알려드림 
코로나 이후로 훈련소 중간까지만 같이 들어가고 그 뒤에는 입대하는 사람 혼자 들어가는데 
그 혼자 가는 구간을 펜션에서 찍어서.... 올려주시는 펜션 주인장분이 계심 

https://t.co/r…",791,Twitter for iPhone
🍓흐시🍓,224061140,,2010-12-08 01:51:21,"RT @vilnim: ""코로나 감염되면 선수 책임"" 도쿄올림픽 동의서 논란 | 다음 뉴스 https://t.co/VgET5wLKr9

와... 미친 갔다가 확진되어서 선수생명 끝나도 IOC나 일본은 절대 책임 안 지겠다는 거잖아...보이콧이 답임",1804,Twitter for Android
중년의 취향,207361936,corea,2010-10-25 04:28:03,페루 코로나 사망자 7만→18만명 정정…인구 대비 세계 최다 https://t.co/Rcc1MAIlbx,0,Twitter Web App
Thㅓㄴ녀,231772898,,2010-12-29 12:29:45,"RT @yarlyshirley: 코로나 집단감염이 있었는데도 회식하고, 강제참여시키고, 성추행에 은폐 따돌림으로 사람 죽인 공군 20 전투 비행단. 가해자 얼굴 신상 공개하고 책임자들 전부 직위해제 시켜라 https://t.co/yv52UWAezS",1005,Twitter for Android
거래 계정,1185600431273082880,코로나 연기 취소시 모든공연 티켓원가만 환불가능,2019-10-19 16:55:49,"뮤지컬 마리 앙투아네트 이창섭 회차 양도
→코로나등 취소의경우 티켓원금만 환불
→아이디이동
7/21 밤공
1층 A구역 4-6열 사이석 +3",0,Twitter for Android
거래 계정,1185600431273082880,코로나 연기 취소시 모든공연 티켓원가만 환불가능,2019-10-19 16:55:49,"뮤지컬 마리 앙투아네트 도영 첫공 양도
→코로나등 취소의경우 티켓원금만 환불
→예매내역서
7/17 낮공
1층 C구역 5-7열 사이석 -&gt; 티켓비 포함 30
2층 B구역 5-7열 사이석 -&gt; 티켓비 포함 20",0,Twitter for Android
자유의 화신,709629892174815232,,2016-03-15 06:38:45,RT @james_bond_ny: 우리 인간적으로 고일석 기자의 제안대로 합시다. 지금까지 코로나 방역 방해와 백신 접종 불신 일조하는데 힘을 쏟았던 국힘과 지지세력 그리고 조중동을 비롯한 기레기들은 백신접종 포기각서를 작성하고 정상적인 국민에게 양…,36,Twitter Web App
song,385461666,서울,2011-10-05 15:00:20,"RT @New_paradigm: MBC 100분 토론, 국힘당 당대표 후보들 토론, 꼬마 병정들 보는 느낌이다. 문재인 정부의 오만과 독선에 얼마나 힘들었냐며 정권교체가 필수란다. 나는 좋기만 하구만. 코로나 방역 잘했다는 부분에 대해서 5명 어느…",58,Twitter for Android
티켓,1185596033868259330,코로나 영향으로 취소연기시 대리비 환불 불가능,2019-10-19 16:38:21,"뮤지컬 시카고 양도
∨7.4 1회
B구역 4열 +2
∨7.11 1회
B구역 5열 +1.5
∨7.11 2회
B구역 6열 +1.5
∨7.15 1회
B구역 B열 +3

(코로나 취소시 티켓비만 환불)
예매내역서",0,Twitter for Android
무경,947410351531814912,,2017-12-31 10:13:24,"RT @yarlyshirley: 코로나 집단감염이 있었는데도 회식하고, 강제참여시키고, 성추행에 은폐 따돌림으로 사람 죽인 공군 20 전투 비행단. 가해자 얼굴 신상 공개하고 책임자들 전부 직위해제 시켜라 https://t.co/yv52UWAezS",1005,Twitter for iPhone
시도레미,744527694075826177,.,2016-06-19 13:50:09,"RT @yarlyshirley: 코로나 집단감염이 있었는데도 회식하고, 강제참여시키고, 성추행에 은폐 따돌림으로 사람 죽인 공군 20 전투 비행단. 가해자 얼굴 신상 공개하고 책임자들 전부 직위해제 시켜라 https://t.co/yv52UWAezS",1005,Twitter for Android
상큼한아침,186487217,,2010-09-03 16:01:01,"RT @Terminator261: 송영길 ""코로나 5천만 방역 무리수..과잉·비효율 지적""

송영길을 당댚으로 뽑은건 최악의 무리수며, 헛지랄이며, 등신같은 짓이었다!",11,Twitter for iPhone
suu,225111448,,2010-12-10 18:25:04,"RT @yarlyshirley: 코로나 집단감염이 있었는데도 회식하고, 강제참여시키고, 성추행에 은폐 따돌림으로 사람 죽인 공군 20 전투 비행단. 가해자 얼굴 신상 공개하고 책임자들 전부 직위해제 시켜라 https://t.co/yv52UWAezS",1005,Twitter for iPhone
냥,3162385440,,2015-04-18 12:36:41,"RT @younha2002: 정부가 코로나 방역 잘한다고 '지랄'하는 여당 대표라니😩
#송영길사퇴해",278,Twitter for Android
양도계,1185593590631677952,코로나로 인한 취소시 수고비 환불불가합니다,2019-10-19 16:28:39,"뷰티풀민트라이프 뷰민라 2021 양도합니다

6/27 일요일 1회차
201구역 7~8열 +4

코로나 취소시 우측금은 환불불가
디엠주세요",0,Twitter for Android
쪼코앤크림,2472373050,생루이 맘마통,2014-05-01 11:48:36,"RT @healing_storage: 코로나 때문에 비대면 설교를 진행하는 중인데
고양이가 난입해서 신부님 우유를 마심 https://t.co/7RoFtVxO6H",15150,Twitter for Android
박강냥 🧈,1275013162278899713,,2020-06-22 10:30:13,"RT @_golden_gate_: 이때가 코로나로 콘서트 취소되고난 직후라서 목소리나 표정이나 서운함이 흘러넘치는 지민이,,,ㅠ 그래도 늘 팬들에 대한 따뜻한 메세지 잊지않는 이 사랑둥이야 ㅠㅠ https://t.co/wfKZ80qgTJ",414,Twitter for Android
메트 맞알티 맞인용,1398855553179275266,,2021-05-30 04:15:37,"RT @12HYUKK: @ArcadePang @TO1_offcl #빅픽쳐_TO1 지금까지도 대유행이있어서 체온을 확인해야하는데... 체온이 티오원 이네요! ㅋㅋㅋ 전체 그림이 멤버들처럼 귀엽고 멋져요 💗💗💗 그들의 신곡 ""Son of Beast""가…",17,Twitter for Android
양도계,1185593590631677952,코로나로 인한 취소시 수고비 환불불가합니다,2019-10-19 16:28:39,"싱어게인 서울 양도합니다

7/2 금요일 1회차
나구역 2열 2연석 +4

등기배송
코로나 취소시 양도비 환불불가 티켓비만 가능",0,Twitter for Android
기타등등,3059091001,,2015-03-03 03:34:46,"RT @OSR012: 할말 많은 기레기 ㅎㅎ
그 때마다 우연히도 죄명이가 회피하고 싶은 일이 있었지 😷

코로나19 백신 접종 미룬 이재명 경기지사, 네 번째 자가격리

이 지사는 이번까지 4번 모두 방역당국으로부터 통보를 받지 않았지만 스스로 격리…",6,Twitter Web App
슈퍼문,852749808666255361,,2017-04-14 05:06:12,"RT @SisterDee0: 이번 정부 들어선 뒤로 해외 체류 중인 한국인을 위해 최초로 전세기를 띄웠고, 온갖 반대와 여론 악화에도 코로나 상황이 심각한 곳에서 한국에 오겠다는 자국민을 버려둔 적이 없었다.
그런데도 온갖 말들을 다 했지. 의료진…",44,Twitter for Android
웅며들다,2946624732,,2014-12-28 17:24:43,RT @leeemin: 농구선수 허웅 인스타스토리에 악몽수집가책이 떠서 팬들이 함께 읽으려고 샀다는 글을 봤는데 얼떨떨하고 기분이 묘하다. 책은 정말 여러 갈래로 꽤 넓게 도달이 되는구나.. 코로나 시대에 나온 책이 나 대신 여행을 가는 것 같아서…,151,Twitter for iPhone
양도계,1185593590631677952,코로나로 인한 취소시 수고비 환불불가합니다,2019-10-19 16:28:39,"미스터트롯 고양 콘서트 양도합니다

8/27 금요일 1회차
F2구역 4열 +3
F4구역 5열 +3

8/28 토요일 1회차
F2구역 18열 +1.5
F4구역 16열 +1.5

8/28 토요일 2회차
F2구역… https://t.co/E4uaQSKMaa",0,Twitter for Android
tori105🐳🐋🐬,251175776,시끄러운 가운데,2011-02-12 16:04:11,"RT @happy_CSR_: '서울선언문'의 주요 내용을 말씀드리겠습니다. 정상들은 기후위기가 환경문제만이 아니라 경제, 사회, 안보, 인권에 영향을 미치는 문제라는 데 동의하고, 코로나19 역시 녹색회복을 통해 극복해 나가야 한다는 데 인식을 같이…",19,Twitter for Android
콩국과도넛 🍵 🍩,998909644855693312,,2018-05-22 12:53:12,"RT @happy_CSR_: 접종 완료 후 신체 변화를 확인해 보니, 흡연자들은 비흡연자들보다 항체 생성량이 42.8%나 적은 것으로 조사. 흡연은 백신의 효과를 떨어뜨릴 뿐만 아니라 코로나19에 감염될 위험도 높이는 것으로 나타나. ""똑같은 코로나…",80,Twitter for Android
아모니/젠취,992326948578734080,,2018-05-04 08:55:55,"RT @ppapper: 친한 형 아들이 초등학생인데 과제로 교실에 소규모 인터넷을 구성하는 걸 진행중인데 -마침 코로나로 학교에 사람도 없어서- 랜케이블도 깔아보고 장비도 연결해보고 그런걸 하는데 아빠를 비롯한 나, 형 친구들과 온갖 무뢰배들이 모여…",291,Twitter Web App
ป.เปรี้ยว,1301177895797260290,,2020-09-02 15:20:46,"RT @bbrightlove: 코로나로 체육관을 못가니 집에서 열심히  운동중이구나..아~브라잇..보고 있어도 보고싶다 ㅜㅜ😭😭😭😭😭😭😭😭😭
#bbrightvc https://t.co/MM2F7wHTB5",24,Twitter for Android
방지거,1234174471944077314,,2020-03-01 17:51:48,RT @james_bond_ny: 우리 인간적으로 고일석 기자의 제안대로 합시다. 지금까지 코로나 방역 방해와 백신 접종 불신 일조하는데 힘을 쏟았던 국힘과 지지세력 그리고 조중동을 비롯한 기레기들은 백신접종 포기각서를 작성하고 정상적인 국민에게 양…,36,Twitter for Android
플루메리아,912053435662442496,,2017-09-24 20:37:39,"'새활용(업사이클)'이란 단순히 재사용하는 재활용(리사이클)과 달리 버려지는 물건에 디자인과 아이디어를 더해 새로운 고부가가치 제품을 만들어내는 것, 코로나로 인해 일회용기 사용이 폭발적으로 증가하는 시대에… https://t.co/L7P61AVsYU",0,Twitter Web App
🎗클라우디아🌱지치지않아🙏다시는 외롭게 두지않는다💙,1054758841,,2013-01-02 10:35:39,"RT @mooon111100: 4월 서비스 생산·소비 역대 최고.. 코로나 충격 벗어나나 

흐미~
다른 나라들은 아직도 경제, 방역 
모두 막지도 회복도 안돼서 난리인데, 이게 다 문재인 대통령님 덕분이여라~👍👏 https://t.co/CKxfkv…",55,Twitter for Android
이부장,2228960492,대한민국 중구,2013-12-03 22:57:46,RT @james_bond_ny: 우리 인간적으로 고일석 기자의 제안대로 합시다. 지금까지 코로나 방역 방해와 백신 접종 불신 일조하는데 힘을 쏟았던 국힘과 지지세력 그리고 조중동을 비롯한 기레기들은 백신접종 포기각서를 작성하고 정상적인 국민에게 양…,36,Twitter for Android
불성클래식하실분,272348952,,2011-03-26 09:59:32,"RT @daknews10: 홈플러스, 코로나 백신 맞으면 이틀 휴가 준다 https://t.co/Sg1diUJQ0c",26,TweetDeck
멸치는 볶음이지!,962149538,,2012-11-21 10:25:00,"코로나 때문에 업계 상황이 좋지 않다고...여하튼. 마스크를 쓰고 있어야지. 물론 안경도 쓰고. 머리도 흐트러짐 없게, 소공녀 세라의 민틴 선생님 처럼 칼 같이 틀어올리겠다.",0,Twitter for Android
LaRun,2495842202,,2014-05-15 07:14:13,"워프레임 근황
- 지들 게임컨셉 잊어버리고 갑자기 씹덕캐릭터 출시함
- 3년동안 출시연기한 메인시나리오를 이제야 모션캡처 시작함(=지금까지 개발안함)
- 요즘 다들 현생을 열심히 살고있음 근데 코로나때문에 개발속도는 더딤 ㅎ",0,Twitter for Android
BAE YONGJOO,95000585,,2009-12-06 13:42:42,"RT @hwaga_story: - 이재명 중대본 회의 343회 중 3회 참석
- 코로나 자가격리 4회째

민주당은 이재명 제명으로 격리시켜라!!!",94,Twitter for iPhone
양도,998537924890128384,대리와 동일하게 공연 취소연기시 티켓원금만 환불드립니다,2018-05-21 12:16:08,"미스터트롯 고양 양도합니다
2석기준

8/29 일 14:00 1회차
F1구역 12~13열 연석 +3

8/29 일 19:30 2회차
F1구역 18~19열 연석 +2

코로나 취소시 우측금은 환불불가
배송지변경
디엠주세요",0,Twitter for Android
필범부,871978562,,2012-10-10 15:18:30,RT @only_the_moon_: @withmoonpa 고추점 자가검사도한 놈인데 코로나 지가격리 쯤이야...🙄,5,Twitter for Android
🌙(her버her버).한.나,1173228405203947521,,2019-09-15 13:34:08,"RT @lp_list: 부대가 선임해준 국선변호인은 코로나 격리 때문에 못온다는 말만 할 뿐 아무 대책도 마련해주지 않았고, 피해자 조사때 조차 동행해주지 않았습니다.",26,Twitter for Android
shyoon,254763723,,2011-02-19 23:39:52,"RT @ecolibertas: 베트남 정부가 삼성을 비롯한 투자 기업들에게 직원들에게 접종할 백신을 구하도록 요구하고 있다 - 블룸버그

이미 베트남 정부는 회사들에게 직원들의 코로나19 검사 비용을 부담시키고 있으며, 이제 백신도 회사들이 구해올…",44,Twitter for iPhone
혜슈,2932992230,너 마음속,2014-12-17 03:32:20,"RT @vilnim: ""코로나 감염되면 선수 책임"" 도쿄올림픽 동의서 논란 | 다음 뉴스 https://t.co/VgET5wLKr9

와... 미친 갔다가 확진되어서 선수생명 끝나도 IOC나 일본은 절대 책임 안 지겠다는 거잖아...보이콧이 답임",1804,Twitter for iPhone
nein(나인),150958645,,2010-06-02 07:25:05,"RT @yarlyshirley: 코로나 집단감염이 있었는데도 회식하고, 강제참여시키고, 성추행에 은폐 따돌림으로 사람 죽인 공군 20 전투 비행단. 가해자 얼굴 신상 공개하고 책임자들 전부 직위해제 시켜라 https://t.co/yv52UWAezS",1005,Twitter for Android
(외유내강문재인114)찢재명만팬다,709888772939198464,,2016-03-15 23:47:27,RT @supermassive101: 이줴명은 코로나를 지 숨는데 이용하는구나.,82,Twitter for Android
nas⁷,1363696980,134340,2013-04-19 06:16:09,"RT @healing_storage: 코로나 때문에 비대면 설교를 진행하는 중인데
고양이가 난입해서 신부님 우유를 마심 https://t.co/7RoFtVxO6H",15150,Twitter for Android
상큼한아침,186487217,,2010-09-03 16:01:01,"RT @New_paradigm: MBC 100분 토론, 국힘당 당대표 후보들 토론, 꼬마 병정들 보는 느낌이다. 문재인 정부의 오만과 독선에 얼마나 힘들었냐며 정권교체가 필수란다. 나는 좋기만 하구만. 코로나 방역 잘했다는 부분에 대해서 5명 어느…",58,Twitter for iPhone
HJ,943660056,대한민국,2012-11-12 14:30:57,"RT @D_T_Monitoring: &lt;회유와 협박이 계속됐지만 군은 이번에도 피해자를 보호할 생각이 없어보였다/부대가 선임해준 국선변호인은 코로나 격리 때문에 못온다는 말만 할 뿐 아무 대책도 마련해주지 않았고, 피해자 조사때 조차 동행해주지 않았다…",83,Twitter Web App
뚜벅이,796366174430728192,대한민국,2016-11-09 14:57:46,"RT @New_paradigm: MBC 100분 토론, 국힘당 당대표 후보들 토론, 꼬마 병정들 보는 느낌이다. 문재인 정부의 오만과 독선에 얼마나 힘들었냐며 정권교체가 필수란다. 나는 좋기만 하구만. 코로나 방역 잘했다는 부분에 대해서 5명 어느…",58,Twitter for Android
리우,1240872833577676800,,2020-03-20 05:28:57,"RT @yarlyshirley: 코로나 집단감염이 있었는데도 회식하고, 강제참여시키고, 성추행에 은폐 따돌림으로 사람 죽인 공군 20 전투 비행단. 가해자 얼굴 신상 공개하고 책임자들 전부 직위해제 시켜라 https://t.co/yv52UWAezS",1005,Twitter for Android
김롸커,1243430702139486208,,2020-03-27 06:52:45,"RT @yarlyshirley: 코로나 집단감염이 있었는데도 회식하고, 강제참여시키고, 성추행에 은폐 따돌림으로 사람 죽인 공군 20 전투 비행단. 가해자 얼굴 신상 공개하고 책임자들 전부 직위해제 시켜라 https://t.co/yv52UWAezS",1005,Twitter Web App
희망을찾아왔노라,823130599066050560,,2017-01-22 11:30:02,"서울김천시횟집
무주김천시코로나
문평문경시출장마사지
진안김천시휴게소
법동김천시맛집
장수문경시콜걸샵
광주대전울산강남
서울부산대구인천
와동김천시출장
김제김천시여행
완주김천시모텔
석봉문경시출장샵
비래김천시노래방
e… https://t.co/cfg3lnf3qg",0,Twitter for Android
김한량,3161674112,,2015-04-17 23:48:15,"RT @Volnyerio: 리투아니아의 빌뉴스와 폴란드의 루블린을 이어주는 '버추얼 도어'가 며칠 전 생긴 모양. 언론에선 포탈이라고 표현하던데, 두 도시의 행인들이 실시간으로 서로의 모습을 확인하고 몸짓 소통을 나눌 수 있는 설치물이다. 코로나 1…",1246,Twitter for Android
김 태환(金台煥 - TaeHwan Kim)🇰🇷,135001921,"DaeJeon,Republic of Korea",2010-04-20 02:16:11,"RT @DreamDaejeon: 🚨직계가족 모임 인원수 변경

(종전) 8인까지 모이는 것 가능
(변경) 코로나 백신 예방접종자는 8인의 인원에서 제외

- 예방접종자 란 : 1차접종 후 14일이 경과 된 사람과 예방접종 완료자
* 접종증명서 : ①…",7,Twitter for iPhone
LEE🎗🌱🌿🦋🏨💎💙👍,1379805907505180677,,2021-04-07 14:39:24,"RT @happy_CSR_: 접종 완료 후 신체 변화를 확인해 보니, 흡연자들은 비흡연자들보다 항체 생성량이 42.8%나 적은 것으로 조사. 흡연은 백신의 효과를 떨어뜨릴 뿐만 아니라 코로나19에 감염될 위험도 높이는 것으로 나타나. ""똑같은 코로나…",80,Twitter for iPad
❄️햇반🍚,1174656087087140865,,2019-09-19 12:06:58,"RT @yarlyshirley: 코로나 집단감염이 있었는데도 회식하고, 강제참여시키고, 성추행에 은폐 따돌림으로 사람 죽인 공군 20 전투 비행단. 가해자 얼굴 신상 공개하고 책임자들 전부 직위해제 시켜라 https://t.co/yv52UWAezS",1002,Twitter for iPhone
인거증멸,1270732666145394688,,2020-06-10 15:01:00,RT @happy_CSR_: 6월 1일부터 코로나19 백신 예방접종에 1회만 참여해도 8명까지 가능한 직계가족 모임 인원에 포함하지 않는다. 백신을 맞은 사람을 포함해 더 많은 사람이 모일 수 있는 것이다. 다만 예방접종을 받은 사람도 실내에서는 반…,73,Twitter for Android
인연을믿어요💐리다덕🎗,1220181275270512640,,2020-01-23 03:07:47,"RT @OSR012: 할말 많은 기레기 ㅎㅎ
그 때마다 우연히도 죄명이가 회피하고 싶은 일이 있었지 😷

코로나19 백신 접종 미룬 이재명 경기지사, 네 번째 자가격리

이 지사는 이번까지 4번 모두 방역당국으로부터 통보를 받지 않았지만 스스로 격리…",6,Twitter for Android
우리동네방송국,3193427573,서울 중구,2015-04-22 04:45:23,"RT @jsgo747: [우리동네 긴급출동]
💥 세계평화와 대한민국 코로나 종식을 위해 나타난 허경영강연 💥

🔹지금 구경하기ㅋㅋ? 실시간방송.. 
▶️https://t.co/yXXeqsL5XD…",2,Twitter Web App
뭐시기비고,329468437,여긴 어디,2011-07-05 03:54:42,"RT @healing_storage: 코로나 때문에 비대면 설교를 진행하는 중인데
고양이가 난입해서 신부님 우유를 마심 https://t.co/7RoFtVxO6H",15150,Twitter for Android
김 태환(金台煥 - TaeHwan Kim)🇰🇷,135001921,"DaeJeon,Republic of Korea",2010-04-20 02:16:11,"RT @DreamDaejeon: 🚨‘21.5.24.(월)~6.13.(일)까지
사회적 거리두기 1.5단계가 3주간 유지됩니다.

※ 코로나-19 중앙사고수습본부의 비 수도권 (거리두기 1.5단계 방역수칙)

수정내용
[직계가족 8인까지 모이는 것 가능…",8,Twitter for iPhone
🌱혜진🎗,2848297416,,2014-10-09 05:53:34,"RT @kju7154: 광역지자체장 대부분이 백신 접종을 마침
코로나19 백신 접종 부작용 무서워 미룬 10재명 경기불쌍놈, 네 번째 지맴대로 격리(사회에서 강제 영구 격리시켜야 할놈)
https://t.co/WiOsdLPjof
지난 3월 정부는 백…",12,Twitter for iPhone
이쑤시개,122233097,"Seoul, Korea",2010-03-12 01:47:07,"[이준석 현상을 우습게 아는 민주당이 버려야 할 3가지]
1. 민주화 운동 프리미엄
2. 친노 친문 타령
3. 대통령 지지율

과거사로 울겨먹던 시대는 코로나로 종식되었다는 사실...",0,Twitter for iPhone
쑥스터,1204424012513697792,,2019-12-10 15:34:05,"개장전 주요뉴스 - 중국 3자녀까지 허용 산아제한 사실상 폐지, 자동차용 강판가격 4년만에 오른다 코로나 반도체 이어 3중고, 탄소배출권 가격 사상최고, 디즈니 9월 상륙 유력 등 https://t.co/XAf0r4IJW5",0,Tistory2Twitter
※비로소※PAXM,730958021233250304,대한민국 경기도 파주시,2016-05-13 03:09:07,"RT @leekanghe: 이재명 잔머리는 인정이다
다른 지자체장들 코로나 백신 다 맞을 때 안맞은 이유가 껄끄러운 일 생기면 지가격리하려 한거네
사패샛기!",41,Twitter for Android
호비Blue Side¹¹²,1330781637664096257,,2020-11-23 07:54:29,"RT @SisterDee0: 이번 정부 들어선 뒤로 해외 체류 중인 한국인을 위해 최초로 전세기를 띄웠고, 온갖 반대와 여론 악화에도 코로나 상황이 심각한 곳에서 한국에 오겠다는 자국민을 버려둔 적이 없었다.
그런데도 온갖 말들을 다 했지. 의료진…",44,Twitter for Android
actualite.a.la.une,191461400,,2010-09-16 14:26:15,"RT @bradymary_su: 완전 동의.. 한국에서 요따위로 처벌받을거 걍 죽는게 최고임.
김ㄱ덕 코로나로 뒤져서 속이 싸악 내려가는 느낌이었음",68,Twitter for iPhone
carpe diem,1319305293424017408,,2020-10-22 15:51:18,"RT @daknews10: 한국 기레기만 인정안함

덴마크 총리 ""문 대통령 코로나 리더십, 많은 국가에 영감"" |  https://t.co/HKI1eFv4om",473,Twitter Web App
탱그리,851024480436494337,welcome to korea,2017-04-09 10:50:22,RT @only_the_moon_: @withmoonpa 고추점 자가검사도한 놈인데 코로나 지가격리 쯤이야...🙄,5,Twitter for Android
포도알,2472122060,대한민국,2014-05-01 07:49:43,RT @LetUs___Burn: 매일 매일 여성을 향한 남성범죄가 일어난다 코로나고 지랄이고 여자는 전시상황이나 다름없다 코로나로 죽는 여자보다 남자한테 죽고 테러당하는 여자가 훨씬 많아,4,Twitter for Android
actualite.a.la.une,191461400,,2010-09-16 14:26:15,"RT @yarlyshirley: 코로나 집단감염이 있었는데도 회식하고, 강제참여시키고, 성추행에 은폐 따돌림으로 사람 죽인 공군 20 전투 비행단. 가해자 얼굴 신상 공개하고 책임자들 전부 직위해제 시켜라 https://t.co/yv52UWAezS",1005,Twitter for iPhone
우분투(ubuntu)-우리가 함께 있기에 내가 있다,2414228221,,2014-03-27 13:25:13,"RT @JHWon10: 코로나19 백신 접종 미룬 이재명 경기지사, 
네 번째 짜가격리

질병관리청 통보가 아닌 짜가격리 할때는
전날 술 퍼마시고 쉬고 싶을때..
곤란한 이슈가 발생해 숨어야 할때..
경선 토론 준비 과외 수업 할때..",20,Twitter for iPhone
다움,1079933410016059392,인장은 더보이즈 뉴입니다,2019-01-01 02:52:43,"RT @yarlyshirley: 코로나 집단감염이 있었는데도 회식하고, 강제참여시키고, 성추행에 은폐 따돌림으로 사람 죽인 공군 20 전투 비행단. 가해자 얼굴 신상 공개하고 책임자들 전부 직위해제 시켜라 https://t.co/yv52UWAezS",1005,Twitter for iPhone
SIVA,1693269036,,2013-08-23 08:52:47,"RT @healing_storage: 코로나 때문에 비대면 설교를 진행하는 중인데
고양이가 난입해서 신부님 우유를 마심 https://t.co/7RoFtVxO6H",15150,Twitter for Android
잉크/インク,149925820,,2010-05-30 15:53:16,"RT @yonhaptweet: ""코로나19 첫 보고지 우한 사망자 과소신고…실제는 3배""
https://t.co/dDgyctYuPy

중국 우한의 코로나19 감염 사망자가 실제로는 공식 통계의 3배에 달한다는 겁니다. https://t.co/2vpb…",53,Twitter for Android
새내기,846864922755575808,클릭해보셨군요,2017-03-28 23:21:46,"RT @hosa_Y: ‘10명씩’ 모아 예진하는 코로나 백신 위탁기관, 이래도 괜찮나? 
 https://t.co/HjWy2NxY5E 
........????????????????????
부작용 설명을 모아서 하는게 아니라 예진을 모아서 한다구...…",2,Tweetbot for iΟS
초 대형 벽화 그레피티 3d 미디어 아트 작가 777맨,2548828957,서울 서초구 양재동 275-3 트윈타워오피스텔상가 21,2014-06-05 22:49:44,신라제국 동종 비천상 코로나 액막이 부적 전통 문양 박쥐 사대천왕 창칼 운수 대통 디자인그림 모티브는 우리집 통영 옻칠 옷장과 미닫이 서랍 전복껍질 자개장 문양에서 영감을 받아 평창 상원사 동종 참배 근처… https://t.co/jjYVBdzzc9,0,Twitter for Android
BAE YONGJOO,95000585,,2009-12-06 13:42:42,RT @supermassive101: 이줴명은 코로나를 지 숨는데 이용하는구나.,82,Twitter for iPhone
나리밈,932979293453410305,,2017-11-21 14:29:32,"RT @yarlyshirley: 코로나 집단감염이 있었는데도 회식하고, 강제참여시키고, 성추행에 은폐 따돌림으로 사람 죽인 공군 20 전투 비행단. 가해자 얼굴 신상 공개하고 책임자들 전부 직위해제 시켜라 https://t.co/yv52UWAezS",1005,Twitter for Android
키이라,4890803973,,2016-02-09 05:29:50,"RT @yarlyshirley: 코로나 집단감염이 있었는데도 회식하고, 강제참여시키고, 성추행에 은폐 따돌림으로 사람 죽인 공군 20 전투 비행단. 가해자 얼굴 신상 공개하고 책임자들 전부 직위해제 시켜라 https://t.co/yv52UWAezS",1005,Twitter for iPhone
서동건,1348678792630267905,,2021-01-11 17:11:11,"남양주횟집
동두천오피
동두천콜걸
남양주코로나
동두천출장샵
동두천훈녀
동두천출장안마
동두천애인대행
동두천출장마사지
동두천섹파
남양주노래방
동두천조건만남
동두천콜걸샵
동두천여행
동두천페이만남
ehdwncjs350 https://t.co/4j5QrGcR2g",0,Twitter for Android
멸치는 볶음이지!,962149538,,2012-11-21 10:25:00,오늘 면접인데...아 코로나 시대의 면접이라 걸쩍지근하다. 백신 맞고 나서 했어야 했는데. 쩝. 안 그래도 어제 트윗 팔로잉한 분이 지방 출장 가는데 백신 맞고 싶다...이런 글 보고 공감 억수로 함,0,Twitter for Android
작은 ㅎr은,1379616860010778626,,2021-04-07 02:07:55,"RT @yarlyshirley: 코로나 집단감염이 있었는데도 회식하고, 강제참여시키고, 성추행에 은폐 따돌림으로 사람 죽인 공군 20 전투 비행단. 가해자 얼굴 신상 공개하고 책임자들 전부 직위해제 시켜라 https://t.co/yv52UWAezS",1005,Twitter for iPhone
은돌,209212360,𓃰,2010-10-28 18:49:53,RT @SBS8news: 코로나 격무에 쏟아지는 폭언…처벌 규정도 없다 #SBS뉴스 https://t.co/BAN2Q8yfw4,13,Twitter for Android
인거증멸,1270732666145394688,,2020-06-10 15:01:00,"RT @leekanghe: 인류의 재앙인 코로나를 이용해 처 먹는게 사람새퀴인가?

코로나 걸려 뒤졋으면 한다 고생 찔찔하다가...",8,Twitter for Android
100서팀장,1150249628723372032,,2019-07-14 03:44:16,"RT @yarlyshirley: 코로나 집단감염이 있었는데도 회식하고, 강제참여시키고, 성추행에 은폐 따돌림으로 사람 죽인 공군 20 전투 비행단. 가해자 얼굴 신상 공개하고 책임자들 전부 직위해제 시켜라 https://t.co/yv52UWAezS",1005,Twitter for iPhone
아밤,1385054765961211904,,2021-04-22 02:16:34,"RT @_golden_gate_: 이때가 코로나로 콘서트 취소되고난 직후라서 목소리나 표정이나 서운함이 흘러넘치는 지민이,,,ㅠ 그래도 늘 팬들에 대한 따뜻한 메세지 잊지않는 이 사랑둥이야 ㅠㅠ https://t.co/wfKZ80qgTJ",414,Twitter for Android
그래도널(I Still You),111458145,대~한민국,2010-02-05 00:34:22,"[코로나19정보]민방위, 예비군 코로나 백신 예약 방법 https://t.co/U2WFtJVk6H",0,Tistory2Twitter
자유우파! 국익이 답! 수구좌파 척결!,2473156416,,2014-05-01 23:30:47,"RT @youngjaejeong: 中실험실 코로나 기원설 새국면···""中고발자 모집"" 다크넷 동원 https://t.co/8KEsaqaHWd",8,Twitter for Android
이네,1384886445383421955,인장 : 현뉴님,2021-04-21 15:07:20,"코로나검사 많이 아파요???
저 지금 눈물 날 것 같아요 진짜
개무서움 무증상 확진이면 어떡해",0,Twitter for Android
윤시호,1056160883674505216,,2018-10-27 12:29:12,"RT @_golden_gate_: 이때가 코로나로 콘서트 취소되고난 직후라서 목소리나 표정이나 서운함이 흘러넘치는 지민이,,,ㅠ 그래도 늘 팬들에 대한 따뜻한 메세지 잊지않는 이 사랑둥이야 ㅠㅠ https://t.co/wfKZ80qgTJ",414,Twitter for Android
💪🏻야구보는 여자*🎗😷🏳️‍🌈🌺,3275023982,180722 사직 190926 상동,2015-07-11 01:09:57,RT @Apocalypa1: 왜 탐라 다들 코로나 백신 맞음? 님들 30대였음?,3,Twitter for iPhone
taeho88,1313452669470568451,,2020-10-06 12:15:04,RT @angelesyogi: 윤석열 마스크도 안 쓰고 식당주인과 어깨동무하고. 코로나 끝났냐.,3,Twitter for Android
달마중가자,804962628,,2012-09-05 16:48:56,"RT @hwaga_story: - 이재명 중대본 회의 343회 중 3회 참석
- 코로나 자가격리 4회째

민주당은 이재명 제명으로 격리시켜라!!!",94,Twitter for Android
맨날 아픈 하레,1243073190294736899,Team.H_R,2020-03-26 07:12:04,"RT @yarlyshirley: 코로나 집단감염이 있었는데도 회식하고, 강제참여시키고, 성추행에 은폐 따돌림으로 사람 죽인 공군 20 전투 비행단. 가해자 얼굴 신상 공개하고 책임자들 전부 직위해제 시켜라 https://t.co/yv52UWAezS",1005,Twitter for Android
SBS 뉴스,91946403,KOREA,2009-11-23 05:47:28,독일 코로나19 감염자 10명 중 1명꼴로 '장기 후유증' #SBS뉴스 https://t.co/kHfw9QSWI2,1,sbs8news
한겨레,135410387,,2010-04-21 06:41:20,"RT @hwaga_story: - 이재명 중대본 회의 343회 중 3회 참석
- 코로나 자가격리 4회째

민주당은 이재명 제명으로 격리시켜라!!!",94,Twitter for Android
과거의 행동이 현재를 평가하고 미래를 예상한다,168418605,seoul,2010-07-19 08:04:05,"RT @tgs432004: 조중동을 비롯 모든 신문들과 TV종편,유튜브에서 가찌뉴스가 판을치며 국민들 눈과 귀를 막고, 조롱하고 있는데 언론개혁에 뒷짐쥐고 있는 국회가 한심하다.
특히 코로나 백신 가짜뉴스는 심각함을 넘어 대한국민으로써 부끄러울 뿐이…",3,Twitter for Android
경기도청 사회적경제과,1069753638011121665,,2018-12-04 00:41:57,"RT @ggholic: 🚨코로나19대응 정례브리핑🚨
최근 소규모 사업장 유행의 재확산과 영국변이주 바이러스의 확산으로 경기도 광주, 여주 등 경기동부권역의 코로나19 확진자 증가세가 뚜렷하게 나타나 시군 네트워킹 사업등을 통해 위험 요인을 점검·제거…",20,Twitter Web App
라요,1310161226408685569,컴션은 디엠,2020-09-27 10:16:00,"RT @yarlyshirley: 코로나 집단감염이 있었는데도 회식하고, 강제참여시키고, 성추행에 은폐 따돌림으로 사람 죽인 공군 20 전투 비행단. 가해자 얼굴 신상 공개하고 책임자들 전부 직위해제 시켜라 https://t.co/yv52UWAezS",1005,Twitter for Android
I'm fine.🔥,252339817,"Seoul, Korea",2011-02-15 00:24:18,"RT @yarlyshirley: 코로나 집단감염이 있었는데도 회식하고, 강제참여시키고, 성추행에 은폐 따돌림으로 사람 죽인 공군 20 전투 비행단. 가해자 얼굴 신상 공개하고 책임자들 전부 직위해제 시켜라 https://t.co/yv52UWAezS",1005,Twitter Web App
파주 마더테레사,371609649,,2011-09-11 05:25:46,"RT @lp_list: 부대가 선임해준 국선변호인은 코로나 격리 때문에 못온다는 말만 할 뿐 아무 대책도 마련해주지 않았고, 피해자 조사때 조차 동행해주지 않았습니다.",26,Twitter for iPhone
\/💜💜💜보라해,1328997549236125698,,2020-11-18 09:44:51,"RT @_golden_gate_: 이때가 코로나로 콘서트 취소되고난 직후라서 목소리나 표정이나 서운함이 흘러넘치는 지민이,,,ㅠ 그래도 늘 팬들에 대한 따뜻한 메세지 잊지않는 이 사랑둥이야 ㅠㅠ https://t.co/wfKZ80qgTJ",414,Twitter for Android
빱빱빠라바라빱빱콘 🤝,1355513468078575623,,2021-01-30 13:49:47,"RT @s_dam01: 공군 20 전투 비행단에서 발생한 성추행
코로나로 인해 음주와 회식 금지령이 있었지만 선임의 강압으로 회식 자리에 나가게 됨
회식이 끝난 후 피해자는 가해자(이 중사)에게 성범죄를 당함 후 상관에서 곧바로 신고했지만 가해자와…",68,Twitter for Android
ohzius 찢_나_절_안,3193340437,대한민국 서울,2015-05-12 14:34:37,"RT @JHWon10: 코로나19 백신 접종 미룬 이재명 경기지사, 
네 번째 짜가격리

질병관리청 통보가 아닌 짜가격리 할때는
전날 술 퍼마시고 쉬고 싶을때..
곤란한 이슈가 발생해 숨어야 할때..
경선 토론 준비 과외 수업 할때..",20,Twitter for Android
got7infinitylove,1041085098517389312,"Bangkok, Thailand",2018-09-15 22:03:24,"RT @Paifah_PT: 겸식당 개업을 축하해요~🎉
코로나가 끝나면 바로 겸식당에 갈게요!
기대하세요. ^^ 

ยินดีกับการเปิดกิจการใหม่ของคยอมชิกตังนะคะ
โคโร่น่าหมดเมื่อไหร่จะไปที่ร้านแ…",97,Twitter for iPhone
골마니아,793137344,,2012-08-31 05:21:13,"RT @happy_CSR_: 접종 완료 후 신체 변화를 확인해 보니, 흡연자들은 비흡연자들보다 항체 생성량이 42.8%나 적은 것으로 조사. 흡연은 백신의 효과를 떨어뜨릴 뿐만 아니라 코로나19에 감염될 위험도 높이는 것으로 나타나. ""똑같은 코로나…",81,Twitter for Android
카피쭈라에몽,95198519,"Seoul, Republic of Korea",2009-12-07 13:17:36,"RT @bradymary_su: 완전 동의.. 한국에서 요따위로 처벌받을거 걍 죽는게 최고임.
김ㄱ덕 코로나로 뒤져서 속이 싸악 내려가는 느낌이었음",68,Twitter for iPad
winston🇺🇸,4175570958,"Texas, USA",2015-11-09 04:51:10,"RT @yarlyshirley: 코로나 집단감염이 있었는데도 회식하고, 강제참여시키고, 성추행에 은폐 따돌림으로 사람 죽인 공군 20 전투 비행단. 가해자 얼굴 신상 공개하고 책임자들 전부 직위해제 시켜라 https://t.co/yv52UWAezS",1005,Twitter for iPhone
너는똘이야,1194535149934743552,대한민국 광주,2019-11-13 08:39:18,RT @ecolibertas: '설사하다 사망' 코로나 의심 고3의 반전..사촌형 폭행탓이었다 | 다음뉴스 https://t.co/5s9hHVDyaN,2675,Twitter for Android
복숭아제철6-8월,583300051,FUB안프리함 언팔시속상함,2012-05-18 00:22:20,RT @ecolibertas: '설사하다 사망' 코로나 의심 고3의 반전..사촌형 폭행탓이었다 | 다음뉴스 https://t.co/5s9hHVDyaN,2675,Twitter for Android
"요로케 쬬온득 쪼혼득-한 ""망고""",954156272286232576,,2018-01-19 00:59:17,"RT @yarlyshirley: 코로나 집단감염이 있었는데도 회식하고, 강제참여시키고, 성추행에 은폐 따돌림으로 사람 죽인 공군 20 전투 비행단. 가해자 얼굴 신상 공개하고 책임자들 전부 직위해제 시켜라 https://t.co/yv52UWAezS",1005,Twitter for Android
구릅,1335898287182815234,내가 사랑하는 사람이 너희라 다행이다/ 슙슙,2020-12-07 10:45:55,"그냥 내 생각일수도 있는데 확실히 입덕은 디엔에이랑 작은시랑 온때가 젤 많은것 가틈
온할때가 코로나땜에 집에만 있어야 되고 또 학교는 못가고 하니까 심심해서 뭔가를 갈구하게됨.나도 원래는 덕질에 관심도 없다… https://t.co/1UlfNMkFRQ",0,Twitter for iPhone
Mx백:D,1597190755,,2013-07-16 01:03:31,"난 코로나시대 되기 전에도 마스크 자주 착용했던터라 불편하지 않은데 
자율적으로 잘 할 수 있다면 
강제하겠냐고 
도덕적으로 다들 잘 살면 
법 안 만들어도 되겠지만 
그게 아니자녀 

내참 
이제는 백신… https://t.co/3gOnH69mxF",0,Twitter for iPhone
christina,1342038592630128641,대한민국 대전,2020-12-24 09:25:57,RT @nylee_office: 대한민국 마을의 소득 하위 10명이 중산층으로 올라가기 위해서는 다섯 세대가 걸린다고 합니다. 어림잡아 150년입니다. 디지털 불평등과 코로나 불평등까지 겹치며 격차는 더욱 커질 것입니다. 불평등을 완화하고 지속가능한…,121,Twitter for Android
Hong bliss,753052544,,2012-08-12 12:49:04,"RT @D_T_Monitoring: &lt;회유와 협박이 계속됐지만 군은 이번에도 피해자를 보호할 생각이 없어보였다/부대가 선임해준 국선변호인은 코로나 격리 때문에 못온다는 말만 할 뿐 아무 대책도 마련해주지 않았고, 피해자 조사때 조차 동행해주지 않았다…",83,Twitter Web App
(외유내강문재인114)찢재명만팬다,709888772939198464,,2016-03-15 23:47:27,"RT @hwaga_story: - 이재명 중대본 회의 343회 중 3회 참석
- 코로나 자가격리 4회째

민주당은 이재명 제명으로 격리시켜라!!!",94,Twitter for Android
killDAL,1239749851786559488,,2020-03-17 03:06:53,"RT @jscha999: 영국, 중공 우한 코로나 기원 조사 밝힌다 ㄷㄷㄷㄷ
지구의 암덩어리 조사해서 밝힌다함ㅋㅋㅋㅋ https://t.co/l7NukXYHrb",9,Twitter for iPhone
위위,1262374824325898242,,2020-05-18 13:29:54,"RT @yarlyshirley: 코로나 집단감염이 있었는데도 회식하고, 강제참여시키고, 성추행에 은폐 따돌림으로 사람 죽인 공군 20 전투 비행단. 가해자 얼굴 신상 공개하고 책임자들 전부 직위해제 시켜라 https://t.co/yv52UWAezS",1005,Twitter for iPhone
ㅇㅇ,872359842,yellowstone,2012-10-10 19:22:23,"RT @yarlyshirley: 코로나 집단감염이 있었는데도 회식하고, 강제참여시키고, 성추행에 은폐 따돌림으로 사람 죽인 공군 20 전투 비행단. 가해자 얼굴 신상 공개하고 책임자들 전부 직위해제 시켜라 https://t.co/yv52UWAezS",1005,Twitter for Android
이민규,1398308604776652803,,2021-05-28 16:02:17,@EVEFD3 너무 피곤하실꺼 같네요 몇 시간 못 주무시고 악몽도 꾸시고 ㅜㅜ 전 어제 4번째 코로나검사하고 집에 있에서 문자 기다리는데 모르는 번호 전화와서 순간 식은땀이 ㅜㅜ 근데 9시도 안되었는데 스팸이네요 ㅋ,0,Twitter for Android
영으뉭,1330113251322064897,,2020-11-21 11:38:12,"RT @_golden_gate_: 이때가 코로나로 콘서트 취소되고난 직후라서 목소리나 표정이나 서운함이 흘러넘치는 지민이,,,ㅠ 그래도 늘 팬들에 대한 따뜻한 메세지 잊지않는 이 사랑둥이야 ㅠㅠ https://t.co/wfKZ80qgTJ",414,Twitter for Android
superT m^^m,142503389,KOREA,2010-05-11 01:55:25,"RT @lp_list: 부대가 선임해준 국선변호인은 코로나 격리 때문에 못온다는 말만 할 뿐 아무 대책도 마련해주지 않았고, 피해자 조사때 조차 동행해주지 않았습니다.",26,Twitter for iPhone
넷플릭스 심취중인 ☆데나우시☆,366410560,,2011-09-02 03:50:18,@RoanoRosa 코로나 백신접종 후 블랙라군 팀코 한번 했으면 좋겠어요~!,0,Twitter Web App
씬사,2697109314,,2014-08-01 02:37:08,"RT @yarlyshirley: 코로나 집단감염이 있었는데도 회식하고, 강제참여시키고, 성추행에 은폐 따돌림으로 사람 죽인 공군 20 전투 비행단. 가해자 얼굴 신상 공개하고 책임자들 전부 직위해제 시켜라 https://t.co/yv52UWAezS",1005,Twitter for iPhone
그린눈망울s2또롱,459878473,대한민국,2012-01-10 04:34:02,"RT @JHWon10: 코로나19 백신 접종 미룬 이재명 경기지사, 
네 번째 짜가격리

질병관리청 통보가 아닌 짜가격리 할때는
전날 술 퍼마시고 쉬고 싶을때..
곤란한 이슈가 발생해 숨어야 할때..
경선 토론 준비 과외 수업 할때..",20,Twitter for iPhone
까자,322094243,,2011-06-22 16:36:17,"RT @bradymary_su: 완전 동의.. 한국에서 요따위로 처벌받을거 걍 죽는게 최고임.
김ㄱ덕 코로나로 뒤져서 속이 싸악 내려가는 느낌이었음",68,Twitter for Android
ѕᴜᴍᴍᴇʀ ◡̈,859640250037043203,,2017-05-03 05:26:21,@JUNGTW_LEO 오늘 네 꿈 꿨어! 소집해제 하구 첫 무대 하는 날 이였나봐. 코로나도 종식 된건지 객석엔 뮤즈들이 가득 차 있었어! 우리의 함성으로 인해 너의 설렘과 행복이 고스란히 느껴지는 꿈☺️… https://t.co/fbSF8Lv4mD,0,feather for iOS  
라펜트,127771378,korea,2010-03-30 05:26:19,"산림청 2025년까지 5,266억 투입해 도시숲·정원 사업 추진
코로나19, 미세먼지 저감, 어린이 보호 등의 이유로 도시숲 수요 늘어
https://t.co/bPMywNOAdw https://t.co/m3DfAFlxrf",0,Twitter Web App
ジフ†sieL,176086064,,2010-08-08 14:31:50,"RT @yarlyshirley: 코로나 집단감염이 있었는데도 회식하고, 강제참여시키고, 성추행에 은폐 따돌림으로 사람 죽인 공군 20 전투 비행단. 가해자 얼굴 신상 공개하고 책임자들 전부 직위해제 시켜라 https://t.co/yv52UWAezS",1005,Twitter for Android
옥이(🕯),1161780330,,2013-02-09 02:50:15,"RT @New_paradigm: MBC 100분 토론, 국힘당 당대표 후보들 토론, 꼬마 병정들 보는 느낌이다. 문재인 정부의 오만과 독선에 얼마나 힘들었냐며 정권교체가 필수란다. 나는 좋기만 하구만. 코로나 방역 잘했다는 부분에 대해서 5명 어느…",58,Twitter for Android
표영주,1139463601641496576,,2019-06-14 09:24:27,미국 증오 범죄는 당장 멈추야 합니다 아시아 사람들이 잘못이 없다 코로나가 자연적인 발생이 아니며 과학자 증거가 발견하여 연구실에서 유출 됐다는 확실 하다고 과학자 의견이다 그래서 증오범죄 멈추야 합니다,0,Twitter Web App
해랑,801035935915745280,Webley💜,2016-11-22 12:13:44,"RT @yarlyshirley: 코로나 집단감염이 있었는데도 회식하고, 강제참여시키고, 성추행에 은폐 따돌림으로 사람 죽인 공군 20 전투 비행단. 가해자 얼굴 신상 공개하고 책임자들 전부 직위해제 시켜라 https://t.co/yv52UWAezS",1005,Twitter for Android
🐇_(:з)∠)_🐇,1143872055512719361,,2019-06-26 13:22:04,"RT @yarlyshirley: 코로나 집단감염이 있었는데도 회식하고, 강제참여시키고, 성추행에 은폐 따돌림으로 사람 죽인 공군 20 전투 비행단. 가해자 얼굴 신상 공개하고 책임자들 전부 직위해제 시켜라 https://t.co/yv52UWAezS",1005,Twitter for Android
🍇 냥냐리 🍇,1186233509188263936,우주,2019-10-21 10:51:31,"RT @D_T_Monitoring: &lt;회유와 협박이 계속됐지만 군은 이번에도 피해자를 보호할 생각이 없어보였다/부대가 선임해준 국선변호인은 코로나 격리 때문에 못온다는 말만 할 뿐 아무 대책도 마련해주지 않았고, 피해자 조사때 조차 동행해주지 않았다…",83,Twitter Web App
무함마드 압둘,953876204674727936,𝄃𝄃𝄂𝄂𝄀𝄁𝄃𝄂𝄂𝄃,2018-01-18 06:26:24,"RT @yarlyshirley: 코로나 집단감염이 있었는데도 회식하고, 강제참여시키고, 성추행에 은폐 따돌림으로 사람 죽인 공군 20 전투 비행단. 가해자 얼굴 신상 공개하고 책임자들 전부 직위해제 시켜라 https://t.co/yv52UWAezS",1005,Twitter for iPhone
씨모,4767377468,,2016-01-16 07:59:46,"RT @yarlyshirley: 코로나 집단감염이 있었는데도 회식하고, 강제참여시키고, 성추행에 은폐 따돌림으로 사람 죽인 공군 20 전투 비행단. 가해자 얼굴 신상 공개하고 책임자들 전부 직위해제 시켜라 https://t.co/yv52UWAezS",1005,Twitter for Android
새용/セヨン/saeyong,1273429173088862209,집콕,2020-06-18 01:36:11,"RT @healing_storage: 코로나 때문에 비대면 설교를 진행하는 중인데
고양이가 난입해서 신부님 우유를 마심 https://t.co/7RoFtVxO6H",15150,Twitter for Android
Ru2,1212034765856993280,,2019-12-31 15:36:31,"RT @estima7: 전년대비 국민연금 가입자 증가 랭킹. 쿠팡 1·2위… 제조업은 20위내 3곳. 그리고 마켓컬리가 4위. https://t.co/yKrGRDrTDP 지난 일년사이 코로나가 일자리 지형도를 어떻게 바꿨는지 알려주는 랭킹. 쿠팡,…",14,Twitter for Android
무니사랑,263998639,"seoul,korea",2011-03-11 04:05:01,"RT @hwaga_story: - 이재명 중대본 회의 343회 중 3회 참석
- 코로나 자가격리 4회째

민주당은 이재명 제명으로 격리시켜라!!!",94,Twitter Web App
Someone,780953935888601088,,2016-09-28 02:15:02,@chondohwa 그렇다고 군부대를 코로나 병동으로 만들수는 없으니....,0,Twitter Web App
Daniel Lee,178250542,"Seoul, Korea",2010-08-14 07:16:14,"WHO, 코로나 변이에 새 이름…“차별 방지” https://t.co/IbUvSwHYiY",0,Twitter for iPhone
현대건강신문,352109475,서울,2011-08-10 04:47:17,"6월 1일 코로나19 발생 현황...신규 확진자 400명대 후반될 듯, 서울 강북 모 고교 고3생 30명 확진 https://t.co/0SdLLu1Cya",0,Twitter Web App
슈퍼문,852749808666255361,,2017-04-14 05:06:12,"RT @JHWon10: 코로나19 백신 접종 미룬 이재명 경기지사, 
네 번째 짜가격리

질병관리청 통보가 아닌 짜가격리 할때는
전날 술 퍼마시고 쉬고 싶을때..
곤란한 이슈가 발생해 숨어야 할때..
경선 토론 준비 과외 수업 할때..",20,Twitter for Android
썬더,191530694,,2010-09-16 17:45:26,RT @estima7: 특급호텔 '코로나 잔혹사'…디큐브시티 쉐라톤도 팔렸다 https://t.co/WkHQxz443L 신도림의 쉐라톤디큐브시티호텔이 오피스빌딩으로 바뀐다고. 반포의 쉐라톤팔레스호텔도 주거용 시설로 바뀔 예정. https://t.co…,2141,Twitter for Android
달마중가자,804962628,,2012-09-05 16:48:56,"RT @happy_CSR_: 접종 완료 후 신체 변화를 확인해 보니, 흡연자들은 비흡연자들보다 항체 생성량이 42.8%나 적은 것으로 조사. 흡연은 백신의 효과를 떨어뜨릴 뿐만 아니라 코로나19에 감염될 위험도 높이는 것으로 나타나. ""똑같은 코로나…",81,Twitter for Android
마음챙김,233915215,Seoul Korea,2011-01-04 12:16:46,"RT @happy_CSR_: 접종 완료 후 신체 변화를 확인해 보니, 흡연자들은 비흡연자들보다 항체 생성량이 42.8%나 적은 것으로 조사. 흡연은 백신의 효과를 떨어뜨릴 뿐만 아니라 코로나19에 감염될 위험도 높이는 것으로 나타나. ""똑같은 코로나…",81,Twitter for Android
도도좋아🐱🐶1⃣1⃣4⃣,224577230,대한민국,2010-12-09 10:18:46,"RT @l_a4u: 얀센 잔여백신도 모바일예약 가능할 듯…＂네이버-카카오와 협의＂ (출처 : 연합뉴스 | 네이버 뉴스) https://t.co/tmOuiuNs9m 
정은경 코로나19 예방접종대응추진단장(질병관리청장)은 31일 정례 브리핑에서 얀센 잔…",75,Twitter for Android
김자반,259597918,,2011-03-02 06:01:34,RT @Ryubary: 점점 백신을 맞은 분들이 늘어나고 있습니다. 하지만 지금껏 생산된 코로나 백신은 대부분 선진국의 몫으로 돌아갔죠. WHO와 Gavi에서 백신의 민주적인 분배를 돕는 코백스 퍼실리티 프로그램을 공동으로 주관합니다. Gavi에 기…,288,Twitter for iPad
NARU,742223,"Jeju-do, Republic of Korea",2007-02-01 08:00:57,"RT @eechu: '판데믹'이라고 등신아.
판데믹이라는 시급한 상황이니 무리수를 둬야 하고 과잉하다 싶게 방역해야하고 비효율적이라도 최대한 속도를 내야 하는 거라고.
그나마 대한민국은 모범적 방역국가다 귓것아

송영길 ""코로나 5천만 방역 무리수.…",49,Twitter Web App
배은희,2455700538,,2014-04-20 23:57:04,RT @bobdylan318: 독도표기 삭제하지 않으면 올림픽 불참. 여기에 왜놈들은 우리가 절대 불참하지 못할것이란걸 알고있기에 저지랄임. 일본정계는 오래전부터 지지도가 하락할땐 한국을 자극하는게 기본태도였다. 꼭 불참해야 한다. 어떤 태극기부대같…,78,Twitter for Android
문,3004284289,,2015-01-31 03:43:41,"RT @yarlyshirley: 코로나 집단감염이 있었는데도 회식하고, 강제참여시키고, 성추행에 은폐 따돌림으로 사람 죽인 공군 20 전투 비행단. 가해자 얼굴 신상 공개하고 책임자들 전부 직위해제 시켜라 https://t.co/yv52UWAezS",1005,Twitter for Android
고은하늬,443872399,서울,2011-12-22 16:48:39,[ 해외반응 ] 코로나19로 만족 못하고 마스크로 사기치는 중국 https://t.co/jtSi0WYng1 출처 @YouTube,0,Twitter Web App
머그컵사재기연구소,1066936578444939264,,2018-11-26 06:07:57,"RT @GenesisPart3: 1.안드로이드 기준 play스토어에서 ""COOV"" 검색, 설치
(코로나19 전자예방접종증명서)
2. 앱 실행 후 본인 인증 (휴대폰 본인인증 등)
3. 화면 하단 ""코로나19예방접종증명서 발급받기""

상세메뉴얼
htt…",92,Twitter for Android
yuri kim,1168070363705569280,United States,2019-09-01 07:57:59,"RT @kimvecca: 오늘 에피소드 올라온거 보는데 한창 코로나때문에 콘서트 취소되고 ㅠ 온콘으로 방향돌리면서 준비하던때인데 다들 기운이 없어보이는게 넘 맘이 아프고요ㅠㅜ 하루빨리 오프에서 만날수있기를 바랍니다 ㅠ ㅠ 엉엉
@BTS_twt htt…",34,Twitter for iPhone
김근육(계정2회차),1068001927043047425,,2018-11-29 04:41:16,"RT @yarlyshirley: 코로나 집단감염이 있었는데도 회식하고, 강제참여시키고, 성추행에 은폐 따돌림으로 사람 죽인 공군 20 전투 비행단. 가해자 얼굴 신상 공개하고 책임자들 전부 직위해제 시켜라 https://t.co/yv52UWAezS",1005,Twitter for iPhone
⟭⟬ 휘비 ⟬⟭,2446358352,,2014-04-16 01:51:43,"@btsbtslove7 전북대 의대 학식은 맛있기로 소문이🤭
동네 주민 어르신들이 애용하시다가
코로나 이후로 애석해 하신답니다.",0,Twitter for Android
puppen,257535676,,2011-02-25 16:49:00,"RT @bradymary_su: 완전 동의.. 한국에서 요따위로 처벌받을거 걍 죽는게 최고임.
김ㄱ덕 코로나로 뒤져서 속이 싸악 내려가는 느낌이었음",68,Twitter for iPhone
찌미니,300596595,,2011-05-18 01:24:20,"RT @_golden_gate_: 이때가 코로나로 콘서트 취소되고난 직후라서 목소리나 표정이나 서운함이 흘러넘치는 지민이,,,ㅠ 그래도 늘 팬들에 대한 따뜻한 메세지 잊지않는 이 사랑둥이야 ㅠㅠ https://t.co/wfKZ80qgTJ",414,Twitter for Android
비비빅,1212222872732626944,,2020-01-01 04:03:57,"RT @_golden_gate_: 이때가 코로나로 콘서트 취소되고난 직후라서 목소리나 표정이나 서운함이 흘러넘치는 지민이,,,ㅠ 그래도 늘 팬들에 대한 따뜻한 메세지 잊지않는 이 사랑둥이야 ㅠㅠ https://t.co/wfKZ80qgTJ",414,Twitter for iPhone
Heidi,1343252954921353216,,2020-12-27 17:50:51,"RT @New_paradigm: MBC 100분 토론, 국힘당 당대표 후보들 토론, 꼬마 병정들 보는 느낌이다. 문재인 정부의 오만과 독선에 얼마나 힘들었냐며 정권교체가 필수란다. 나는 좋기만 하구만. 코로나 방역 잘했다는 부분에 대해서 5명 어느…",58,Twitter for Android
콩쥐,2530404217,대한민국 서귀포시,2014-05-28 16:34:49,"@natish0 그래서 메이업샵 가서 오픈하고 메이크업 받으며 궁금한것들 막 물어볼까했는데.... 동네가 작아서, 코로나 무서워서 실행을 못하고 있음요 ㅋ",0,Twitter for iPhone
김공기,1336291545356496901,패치왼 지뢰,2020-12-08 12:48:37,"RT @healing_storage: 코로나 때문에 비대면 설교를 진행하는 중인데
고양이가 난입해서 신부님 우유를 마심 https://t.co/7RoFtVxO6H",15150,Twitter Web App
언제 어디서나,392051956,,2011-10-16 13:53:04,RT @km_mdiy: 4월 서비스 생산·소비 역대최고.. 코로나 충격 벗어나나 | 다음뉴스 https://t.co/IxmSsGdH8J,10,Twitter for iPhone
사법적폐탄핵 - 울산노동자,500555883,울산 ,2012-02-23 07:37:18,"RT @leekanghe: 이재명 잔머리는 인정이다
다른 지자체장들 코로나 백신 다 맞을 때 안맞은 이유가 껄끄러운 일 생기면 지가격리하려 한거네
사패샛기!",41,Twitter for Android
도로시의 기묘한 모험,742722959643578368,,2016-06-14 14:18:47,"RT @PrimeMinisterKR: ""미국이 제공하는 얀센 백신 100만명분이 금주 중 우리나라에 도착합니다. 당초 한미정상회담에서 약속한 55만명분 보다 약 두 배에 달하는 물량입니다. 

우리 군용기가 직접 미국에서 공수해 와서, 군 관련자와…",30,Twitter for Android
서동건,1348678792630267905,,2021-01-11 17:11:11,"충북노래방
충남출장마사지
충남출장샵
충북출장
충남조건만남
충북애인대행
충북훈녀
충북휴게소
충남콜걸샵
충북여행
충북오피
충북횟집
충북섹파
충북맛집
충북코로나
충남페이만남충남출장안마
충북모텔
toqurck342 https://t.co/y5GjCnDbIE",0,Twitter for Android
ssong,144743488,"Seoul, South Korea",2010-05-17 05:27:40,RT @estima7: 특급호텔 '코로나 잔혹사'…디큐브시티 쉐라톤도 팔렸다 https://t.co/WkHQxz443L 신도림의 쉐라톤디큐브시티호텔이 오피스빌딩으로 바뀐다고. 반포의 쉐라톤팔레스호텔도 주거용 시설로 바뀔 예정. https://t.co…,2141,Twitter for iPhone
이민형,902981263,,2012-10-25 01:29:37,"RT @yarlyshirley: 코로나 집단감염이 있었는데도 회식하고, 강제참여시키고, 성추행에 은폐 따돌림으로 사람 죽인 공군 20 전투 비행단. 가해자 얼굴 신상 공개하고 책임자들 전부 직위해제 시켜라 https://t.co/yv52UWAezS",1005,Twitter for iPhone
과제6 시험1,801758613475708928,💜💚🖤💙💔💌❤💝💗💖💘💟❣️,2016-11-24 12:05:24,"RT @yarlyshirley: 코로나 집단감염이 있었는데도 회식하고, 강제참여시키고, 성추행에 은폐 따돌림으로 사람 죽인 공군 20 전투 비행단. 가해자 얼굴 신상 공개하고 책임자들 전부 직위해제 시켜라 https://t.co/yv52UWAezS",1005,Twitter for Android
On Light K,1332713548275859458,,2020-11-28 15:51:03,"RT @Terminator261: 송영길 ""코로나 5천만 방역 무리수..과잉·비효율 지적""

송영길을 당댚으로 뽑은건 최악의 무리수며, 헛지랄이며, 등신같은 짓이었다!",11,Twitter for Android
호백한 ᴮᵘᵗᵗᵉʳ🧈,1299720245381271553,,2020-08-29 14:47:18,RT @fantastic_rebi2: 애깅이네들도 모아봉 들고 집에서 즐겨주세요 라고 하는게 슬프다 ㅠㅠ 코로나 죽빵때려,1,Twitter for iPhone
정지동,716449445164941314,대한민국 강서구,2016-04-03 02:17:13,"RT @ecolibertas: 베트남 정부가 삼성을 비롯한 투자 기업들에게 직원들에게 접종할 백신을 구하도록 요구하고 있다 - 블룸버그

이미 베트남 정부는 회사들에게 직원들의 코로나19 검사 비용을 부담시키고 있으며, 이제 백신도 회사들이 구해올…",44,Twitter for Android
1크리,1043640633263452160,,2018-09-22 23:18:11,"RT @oursummer1995: ☑️ 𝐍𝐎𝐓𝐈𝐂𝐄

코로나로 인해 카페의 모든 음료가 보틀로 제공됩니다. 이로 인해 공지했던 메뉴에 변경사항이 생겨 공지 드립니다. 자세한 메뉴는 이미지를 참고해주시길 바라며, 모든 문의는 카페가 아닌 이 계정의 D…",35,Twitter for Android
제퍼슨의사랑스런겨털,1018370515474395136,,2018-07-15 05:43:46,"RT @yarlyshirley: 코로나 집단감염이 있었는데도 회식하고, 강제참여시키고, 성추행에 은폐 따돌림으로 사람 죽인 공군 20 전투 비행단. 가해자 얼굴 신상 공개하고 책임자들 전부 직위해제 시켜라 https://t.co/yv52UWAezS",1005,Twitter for Android
Kiren Lee,1057324092,,2013-01-03 09:31:36,"RT @leekanghe: 이재명 잔머리는 인정이다
다른 지자체장들 코로나 백신 다 맞을 때 안맞은 이유가 껄끄러운 일 생기면 지가격리하려 한거네
사패샛기!",41,Twitter for Android
JAee,131537131,,2010-04-10 15:30:50,"오래만에  꿈이  기억난다
낮에  일하는데 
전국적으노  코로나  3단계  되면서  어쩔수없이  집에  가서
2주정도  집에만  있으라는  꿈",0,Twitter for Android
S2에오..,1019992923557920769,,2018-07-19 17:10:38,RT @ecolibertas: '설사하다 사망' 코로나 의심 고3의 반전..사촌형 폭행탓이었다 | 다음뉴스 https://t.co/5s9hHVDyaN,2675,Twitter for Android
후리랜서 빔씨(엣홈)🎗,2989864847,,2015-01-21 13:30:34,"RT @yarlyshirley: 코로나 집단감염이 있었는데도 회식하고, 강제참여시키고, 성추행에 은폐 따돌림으로 사람 죽인 공군 20 전투 비행단. 가해자 얼굴 신상 공개하고 책임자들 전부 직위해제 시켜라 https://t.co/yv52UWAezS",1005,Twitter for Android
도도좋아🐱🐶1⃣1⃣4⃣,224577230,대한민국,2010-12-09 10:18:46,"RT @SisterDee0: 이번 정부 들어선 뒤로 해외 체류 중인 한국인을 위해 최초로 전세기를 띄웠고, 온갖 반대와 여론 악화에도 코로나 상황이 심각한 곳에서 한국에 오겠다는 자국민을 버려둔 적이 없었다.
그런데도 온갖 말들을 다 했지. 의료진…",44,Twitter for Android
비아쨩,1119421875484938246,그랑 코스모스,2019-04-20 02:05:47,"RT @botongB: 코로나 때문에 취업문이 좁아지면서 2030 사람들 창업 많이 한다는 얘기는 전에 했는데, 이 사람들 등쳐먹으려고 인테리어 사기꾼들 역시 성행한대...",5991,Twitter for iPhone
버터구이 아몬드🧈,1360532675455459335,,2021-02-13 10:14:10,"RT @_golden_gate_: 이때가 코로나로 콘서트 취소되고난 직후라서 목소리나 표정이나 서운함이 흘러넘치는 지민이,,,ㅠ 그래도 늘 팬들에 대한 따뜻한 메세지 잊지않는 이 사랑둥이야 ㅠㅠ https://t.co/wfKZ80qgTJ",414,Twitter for Android
biryusoo,151039767,,2010-06-02 13:15:57,"RT @yarlyshirley: 코로나 집단감염이 있었는데도 회식하고, 강제참여시키고, 성추행에 은폐 따돌림으로 사람 죽인 공군 20 전투 비행단. 가해자 얼굴 신상 공개하고 책임자들 전부 직위해제 시켜라 https://t.co/yv52UWAezS",1005,Twitter for iPhone
:),125005204,,2010-03-21 10:23:30,"RT @bradymary_su: 완전 동의.. 한국에서 요따위로 처벌받을거 걍 죽는게 최고임.
김ㄱ덕 코로나로 뒤져서 속이 싸악 내려가는 느낌이었음",68,Twitter for iPhone
나비,755594533954465793,,2016-07-20 02:45:49,"RT @yarlyshirley: 코로나 집단감염이 있었는데도 회식하고, 강제참여시키고, 성추행에 은폐 따돌림으로 사람 죽인 공군 20 전투 비행단. 가해자 얼굴 신상 공개하고 책임자들 전부 직위해제 시켜라 https://t.co/yv52UWAezS",1005,Twitter for iPhone
🦀간장게장&마카롱&만두🥟,169307850,,2010-07-22 01:25:48,"RT @renverser_: 타이레놀와 동일 효과를 가진 약이 70여개나 있는데, 마치 타이레놀만 코로나 백신 접종 후 발열에 효과 있는 것처럼 여론몰이 하면서 품귀 어쩌고 사재기 유도 해 놓고, 얀센 백신 100만회분 도입에는 듣보잡 운운, 백신…",1813,Twitter for Android
ZIKIziki,805438146372435968,대한민국 제주시,2016-12-04 15:46:33,"RT @kju7154: 광역지자체장 대부분이 백신 접종을 마침
코로나19 백신 접종 부작용 무서워 미룬 10재명 경기불쌍놈, 네 번째 지맴대로 격리(사회에서 강제 영구 격리시켜야 할놈)
https://t.co/WiOsdLPjof
지난 3월 정부는 백…",12,Twitter for Android
잡덕이,1381784152966500352,8KZ 김뮤지엄 11TBZ 이석훈 STAYC+@,2021-04-13 01:39:58,RT @pimangtomato: 도대체 몇 곳이 잘못된 일인지 세지도 못하겠다. 사망한 학생은 도박빛 등이 있음. 사촌형이 이걸 듣고 폭행. 다쳤으나 치료거부. 보호자는 그대로 방치. 상처가 악화되어 사망. 사망원인이 코로나19로 의심. 그리고 가벼…,429,Twitter for iPhone
너때문인줄알아라😡,2599952708,부산,2014-07-02 14:32:20,"RT @New_paradigm: MBC 100분 토론, 국힘당 당대표 후보들 토론, 꼬마 병정들 보는 느낌이다. 문재인 정부의 오만과 독선에 얼마나 힘들었냐며 정권교체가 필수란다. 나는 좋기만 하구만. 코로나 방역 잘했다는 부분에 대해서 5명 어느…",58,Twitter Web App
어이 오씨,1395991191410266112,,2021-05-22 06:33:42,으악악 코로나검사받는다,0,Twitter for Android
Hong bliss,753052544,,2012-08-12 12:49:04,"RT @yarlyshirley: 코로나 집단감염이 있었는데도 회식하고, 강제참여시키고, 성추행에 은폐 따돌림으로 사람 죽인 공군 20 전투 비행단. 가해자 얼굴 신상 공개하고 책임자들 전부 직위해제 시켜라 https://t.co/yv52UWAezS",1007,Twitter Web App
※비로소※PAXM,730958021233250304,대한민국 경기도 파주시,2016-05-13 03:09:07,"RT @hwaga_story: - 이재명 중대본 회의 343회 중 3회 참석
- 코로나 자가격리 4회째

민주당은 이재명 제명으로 격리시켜라!!!",95,Twitter for Android
