username,user_url,title,view_num,created_at,video_url,shortdesc,collected_at
YTN news,/user/ytnnews24,[자막뉴스] 이태원 클럽 당시 상황 봤더니...충격 그 자체 / YTN,708K,708K views,/watch?v=IKENsz3Rb3o,,2021-04-17 13:27:32.820069
KOREA UNIVERSITY MEDICINE,/user/KUMCbroadcast,"[ENG/ESP sub][COVID-19] 이태원 클럽發, 코로나19 확산! / Spread of COVID-19 originating from clubs in Itaewon!",302,302 views,/watch?v=Uzw-pmC4L9M,,2021-04-17 13:27:32.824183
비디오머그 - VIDEOMUG,/channel/UCMEbRpvuwTbXxGiyDb1mT8w,이태원 클럽 나비효과…크게 늘어난 코로나 검진 행렬 / 비디오머그,100K,100K views,/watch?v=I9oRwMTSbOM,,2021-04-17 13:27:32.825814
KTV국민방송,/user/chKTV520,이태원 집단 감염 사태로 다시 시작된 코로나19 │또 한 번 의료진과 코로나19의 사투│코로나19 경각심,5.7K,5.7K views,/watch?v=88gmsftggcw,,2021-04-17 13:27:32.826945
YTN news,/user/ytnnews24,이태원 클럽 코로나19 첫 확진자 이후 100명 넘어 / YTN,50K,50K views,/watch?v=3JDP2eG4Euk,,2021-04-17 13:27:32.827966
KBS News,/user/NewsKBS,"[코로나19-서울] 이태원 클럽 관련 확진자 101명…이태원 방문 10,905명 명단 확보 / KBS뉴스(News)",122K,122K views,/watch?v=V8gwalRzugs,,2021-04-17 13:27:32.829176
YTN news,/user/ytnnews24,이태원 클럽 발 코로나 확산...방역당국 긴장 / YTN,16K,16K views,/watch?v=rAvi6l1UtzY,,2021-04-17 13:27:32.830105
SBS 뉴스,/user/sbsnews8,이태원 클럽발 확진 2/3는 20대…코로나19 인식 보니 / SBS,12K,12K views,/watch?v=0DBbhNZIy-k,,2021-04-17 13:27:32.830888
MBCNEWS,/user/MBCnews,대구에 이태원 클럽발 코로나 확진…열흘간 카페·노래방 방문 (2020.05.23/뉴스데스크/MBC),12K,12K views,/watch?v=yLSWDMM4q6k,,2021-04-17 13:27:32.831689
YTN news,/user/ytnnews24,"""이태원 클럽 확진자 102명...7천여 명 진단검사"" / YTN",126K,126K views,/watch?v=6-IiNgLc5VE,,2021-04-17 13:27:32.832962
연합뉴스 Yonhapnews,/channel/UCj3_t5p4L4aFsvdW3uHjnnw,이태원 클럽 관련 확진자 100명 넘어…홍대 술집서도 확진 / 연합뉴스 (Yonhapnews),18K,18K views,/watch?v=O-8Etc0brWY,,2021-04-17 13:27:32.834071
SBS 뉴스,/user/sbsnews8,"이태원 클럽 접촉자만 1,500명…행적 추적도 어렵다 / SBS",83K,83K views,/watch?v=cPIYs1nRjUg,,2021-04-17 13:27:32.835080
KBS News,/user/NewsKBS,이태원 클럽발 ‘5차 감염’ 2명 확인…코로나19 이틀째 20명대 / KBS뉴스(News),631,631 views,/watch?v=IcRoVXV0CEI,,2021-04-17 13:27:32.836097
YTN news,/user/ytnnews24,"이태원 클럽 발 코로나19, 대구·경북 확산...2명 확진 / YTN",5K,5K views,/watch?v=WvIShfLOJGs,,2021-04-17 13:27:32.837198
BBC News 코리아,/channel/UCIDOGTbwTBHZ5YoR9Xjcp-w,홍석천이 이태원 클럽 방문자 ‘검진독려'를 결심한 이유 - BBC News 코리아,3.8K,3.8K views,/watch?v=U5xMlwhobmM,,2021-04-17 13:27:32.838463
크랩 KLAB,/channel/UCoxT1kQSLq564FwpK473w-g,"이태원 게이 클럽? 기자님들, 왜 이렇게 보도하시는 거예요? 이태원 집단 감염에 커지는 성소수자 혐오｜크랩",9.9K,9.9K views,/watch?v=7bNBqKLQN78,,2021-04-17 13:27:32.839465
MBCNEWS,/user/MBCnews,"이태원 클럽발 '5차 감염'…""무서운 전파 속도"" (2020.05.24/뉴스투데이/MBC)",67K,67K views,/watch?v=oxuDgaGaYTk,,2021-04-17 13:27:32.840515
MBCNEWS,/user/MBCnews,이태원클럽 코로나19 확진 관련 서울시 브리핑 - [RightNow LIVE] 2020년 5월 13일,21K,21K views,/watch?v=cUGppZspOsU,,2021-04-17 13:27:38.522907
KBS News,/user/NewsKBS,이태원 클럽 관련 코로나19 확진자가 계속 증가 / KBS뉴스(News),3.9K,3.9K views,/watch?v=KO4HbPWgZIk,,2021-04-17 13:27:38.526271
MBCNEWS,/user/MBCnews,이태원클럽 코로나19 확진 관련 서울시 브리핑 - [RightNow LIVE] 2020년 5월 12일 (화),11K,11K views,/watch?v=BXMkzTBfjLY,,2021-04-17 13:27:38.528894
연합뉴스 Yonhapnews,/channel/UCj3_t5p4L4aFsvdW3uHjnnw,"유명 아이돌 가수들 4월말 이태원서 모임...""음성 판정"" / 연합뉴스 (Yonhapnews)",242K,242K views,/watch?v=pzxfobua29M,,2021-04-17 13:27:44.354316
SBS 뉴스,/user/sbsnews8,"[단독] 이태원 클럽 바이러스, 신천지 때와 다르다 / SBS",45K,45K views,/watch?v=Y_rvkK6Uns0,,2021-04-17 13:27:44.356539
KBS News,/user/NewsKBS,[코로나19-서울] 이태원 클럽 관련 확진자 전국 85명 / KBS뉴스(News),58K,58K views,/watch?v=HWP1bcdFb-U,,2021-04-17 13:27:44.358301
YTN news,/user/ytnnews24,'이태원 클럽 방문' 김제 공중보건의 코로나19 확진 / YTN,2.2K,2.2K views,/watch?v=bgXrmBJVG2o,,2021-04-17 13:27:44.360474
단국대학교디보이스,/user/Dvoicenews,[DKU News] 이태원 클럽 코로나19 집단 감염,162,162 views,/watch?v=E5bL3C7uWAo,,2021-04-17 13:27:44.361765
MBCNEWS,/user/MBCnews,"'이태원 감염' 최소 155명…""주말 최대 고비"" (2020.05.16/뉴스투데이/MBC)",2.8K,2.8K views,/watch?v=m4LYVD8ltng,,2021-04-17 13:27:44.363047
채널A Entertainment,/user/enterchannela,이태원 클럽발 코로나19 사태! 홍석천이 밝힌 소신있는 입장은!?  | 밀착토크 풍문으로 들었SHOW 240 회,2K,2K views,/watch?v=E_g6T36TcT8,,2021-04-17 13:27:44.365082
YTN news,/user/ytnnews24,이태원 클럽발 코로나19 확산 '관련 환자'만 142명 / YTN,5.1K,5.1K views,/watch?v=tCHnrHcl-cQ,,2021-04-17 13:27:44.367522
KTV국민방송,/user/chKTV520,코로나19 │이태원 클럽 관련 확진자 발생 상황 및 조치 현황,2.3K,2.3K views,/watch?v=R30Y51DPrpA,,2021-04-17 13:27:44.369304
YTN news,/user/ytnnews24,코로나19 이태원 클럽 관련 누적 확진 161명...하루 사이 8명 증가 / YTN,4K,4K views,/watch?v=Sm2ITdOeLV0,,2021-04-17 13:27:44.371049
연합뉴스 Yonhapnews,/channel/UCj3_t5p4L4aFsvdW3uHjnnw,"""코로나19 신규 확진 20명…이태원 클럽발 감염 지속"" / 연합뉴스 (Yonhapnews)",6.2K,6.2K views,/watch?v=J4DtqbvBows,,2021-04-17 13:27:44.373250
KBS News,/user/NewsKBS,[친절한뉴스] ‘클럽발 코로나’ 위험 요소는? / KBS뉴스(News),1.5K,1.5K views,/watch?v=qC47lvuA8Bo,,2021-04-17 13:27:44.374584
YTN news,/user/ytnnews24,다가오는 '핼러윈 데이'...이태원 클럽 방역 또 '비상' / YTN,62K,62K views,/watch?v=NmTYXU-dET8,,2021-04-17 13:27:44.375969
연합뉴스TV,/channel/UCTHCOPwqNfZ0uiKOvFyhGwg,이태원 클럽발 코로나 확산에 연예계도 들썩 / 연합뉴스TV (YonhapnewsTV),6.4K,6.4K views,/watch?v=MLtBOIfecGA,,2021-04-17 13:27:44.377613
JTBC News,/user/JTBC10news,제주 '코로나 청정 선언' 하루 만에…이태원 클럽 확진자 / JTBC 뉴스룸,990,990 views,/watch?v=WTXoaQ0V9LI,,2021-04-17 13:27:44.379062
DBN한국농아방송,/channel/UC7lV-1pINvjayeZ8CyvAG0Q,이태원클럽 코로나19 유행,1.9K,1.9K views,/watch?v=zYvQUmSJrq0,,2021-04-17 13:27:44.380134
미쓰문MissMoon TV,/channel/UCZIyCVHET3Fi5yEUwFTEbhA,이태원클럽 코로나19에 대한 게이 미쓰문의 생각에 댓글을 달아주신 시청자,1.7K,1.7K views,/watch?v=1pezhMzwy30,,2021-04-17 13:27:44.381488
YTN news,/user/ytnnews24,이태원 클럽발 코로나19 확산 '관련 환자'만 133명 / YTN,5.1K,5.1K views,/watch?v=yZIERVqMrJ4,,2021-04-17 13:27:44.382984
KBS News,/user/NewsKBS,코로나19 신규 확진자 27명…이태원 클럽 2곳서 추가 확진자 발생 / KBS뉴스(News),349,349 views,/watch?v=tu9rY90aCAU,,2021-04-17 13:27:44.384378
MBCNEWS,/user/MBCnews,"""외출금지령 어기고 몰래""…군인도 '이태원 클럽' 감염  (2020.05.08/뉴스데스크/MBC)",39K,39K views,/watch?v=3-WFGm1VJ4U,,2021-04-17 13:27:44.385780
SBS 뉴스,/user/sbsnews8,"서울 클럽 막히자 '수도권 원정'…""파티!"" 다닥다닥 춤 / SBS",30K,30K views,/watch?v=9sxhQJblOE4,,2021-04-17 13:27:50.392106
법률술사 - 변호사 트리오,/channel/UCrt3u4w7tuqoK5x55RpMkcA,변호사들이 말하는 이태원 게이클럽 코로나 확진자 형사처벌 가능??,683,683 views,/watch?v=fBx3LaCc-5U,,2021-04-17 13:27:50.393392
딜라이브 서울경기케이블TV 구 계정,/channel/UCuH0h3EVpSc_wTwIgodSO-Q,"[광진] 광진구, 이태원 클럽 방문 남성 3명 코로나19 확진",23,23 views,/watch?v=E_GIsg3NEQo,,2021-04-17 13:27:50.394640
JTBC News,/user/JTBC10news,"이태원 클럽 다녀온 의왕시 40대 남성, 코로나 양성 판정 / JTBC 아침&",1.1K,1.1K views,/watch?v=-ptz5fIk1SA,,2021-04-17 13:27:50.397729
14F 일사에프,/channel/UCLKuglhGlMmDteQKoniENIQ,‘이태원 클럽 안 갔고 직업도 없다’고 거짓말 한 학원 강사...감염된 학생들은 무슨 죄입니까?/14F,52K,52K views,/watch?v=BPLf_bPtaM4,,2021-04-17 13:27:50.399091
KTV국민방송,/user/chKTV520,이태원 클럽 관련 누적확진자 총 153명 - 코로나19 발생현황 중앙방역대책본부 정례브리핑 5/15(금),10K,10K views,/watch?v=DgIv5Fr-Uxw,,2021-04-17 13:27:50.400318
MBCNEWS,/user/MBCnews,이번엔 '부천 나이트클럽'…코로나 방어선 '복병' (2020.05.18/뉴스데스크/MBC),36K,36K views,/watch?v=j1wUYF2iu_w,,2021-04-17 13:27:50.401663
채널A,/user/mainchannela,[핫it슈] 끊임없는 '이태원 아이돌' 클럽 논란! 클럽에서 마스크 벗고 노래까지 부른 가수들 | 밀착토크 풍문으로 들었SHOW,32K,32K views,/watch?v=f3PEw0A0KxY,,2021-04-17 13:27:50.402915
SK브로드밴드 뉴스,/channel/UC-vNibpnLb8NTYjeTSYhFUw,[자막뉴스] 이태원 클럽발 코로나19 ‘2차 감염' 잇따라 / SK브로드밴드,30,30 views,/watch?v=iHNfKZnTT_M,,2021-04-17 13:27:50.404191
헬로! 경남 - LG HelloVision,/channel/UCmlgtxLebwbFTBAD1bbr6NA,이태원클럽발 코로나19 확산 우려,32,32 views,/watch?v=zy_3mXdhSSQ,,2021-04-17 13:27:50.405340
KBS News,/user/NewsKBS,국내 ‘코로나19’ 신규 확진자 34명…이태원 클럽 관련 감염 확산 / KBS뉴스(News),3.3K,3.3K views,/watch?v=wbFur3h6XzM,,2021-04-17 13:27:50.407681
KBS News,/user/NewsKBS,코인노래방 통한 이태원 클럽발 3차 감염…마포구 주점서도 4명 추가 확진 / KBS뉴스(News),2.8K,2.8K views,/watch?v=9Zx9xrg-_gw,,2021-04-17 13:27:50.410056
경기농아방송,/channel/UCy460AveLol6g_s3GZIKRkw,[주간수어뉴스] 이태원 클럽 코로나 재확산,1.5K,1.5K views,/watch?v=Zsa8PMg-DHE,,2021-04-17 13:27:50.411446
KTV국민방송,/user/chKTV520,코로나19 │이태원 클럽 방문자 가급적 외출자제하고 선별진료소에서 검사 받으시기 바랍니다,3.2K,3.2K views,/watch?v=3I21OlRJA7A,,2021-04-17 13:27:50.413027
KBS News,/user/NewsKBS,[자막뉴스] 국내 ‘코로나19’ 신규 확진자 34명…이태원 클럽 관련 감염 확산 / KBS뉴스(News),3.9K,3.9K views,/watch?v=-3rNmDVmUXg,,2021-04-17 13:27:50.414297
YTN news,/user/ytnnews24,[더뉴스-코로나19] 추가 환자 나흘째 20명대...이태원 클럽발 'N차 감염' 확산 / YTN,7.1K,7.1K views,/watch?v=6_g7SsZBklQ,,2021-04-17 13:27:50.415840
대전MBC 뉴스/Daejeon MBC News,/user/tjmbcnews,이태원 클럽발 코로나19 환자 접촉자 파악 주력/대전MBC,41,41 views,/watch?v=jLG8LyUq18M,,2021-04-17 13:27:50.417130
YTN news,/user/ytnnews24,"[뉴있저] '이태원 집단감염'에 커지는 성소수자 혐오...""방역도움 안돼"" / YTN",11K,11K views,/watch?v=Bz9sx6GBKlo,,2021-04-17 13:27:50.418313
딜라이브 서울경기케이블TV 구 계정,/channel/UCuH0h3EVpSc_wTwIgodSO-Q,[서대문] 이태원 클럽발 코로나…신촌도 '비상',12,12 views,/watch?v=K0sVSzzPTgU,,2021-04-17 13:27:50.419501
뉴스토마토,/channel/UCYUGo6ZfQZCTMrK9rMDijNQ,[합정보톡스]'이태원 클럽' 방문 5천명 중 2천명 연락 안돼,83,83 views,/watch?v=1Ichy1QJNJQ,,2021-04-17 13:27:56.555623
KBS News,/user/NewsKBS,[코로나19-서울] “이태원 클럽 관련 114명 진단 검사…그중 11명 양성” - 5월8일 오전 브리핑 / KBS뉴스(News),104K,104K views,/watch?v=dfKuuI0VH2k,,2021-04-17 13:27:56.558027
YTN news,/user/ytnnews24,코로나에도 핼러윈 인파...대형 클럽 문 닫자 식당·주점으로 / YTN,6.3K,6.3K views,/watch?v=z5_0n2BTFDU,,2021-04-17 13:27:56.559593
MBCNEWS,/user/MBCnews,이태원 클럽발 확진 119명…인천서 중고생 2차 감염 (2020.05.13/12MBC뉴스),7.4K,7.4K views,/watch?v=nOA33Zob-0I,,2021-04-17 13:27:56.561014
대전MBC 뉴스/Daejeon MBC News,/user/tjmbcnews,'이태원 클럽' 관련 코로나19 검사대상자 564명/대전MBC,65,65 views,/watch?v=5P2Xcwz5sVY,,2021-04-17 13:27:56.562369
YTN 사이언스 투데이,/channel/UCUkuuoNkyVBFWojFW-SPmTw,[코로나19 브리핑] 이태원 클럽발 확산…지역사회 감염 우려 현실화? / YTN 사이언스,579,579 views,/watch?v=Qf4OYaq1TIo,,2021-04-17 13:27:56.563832
MBCNEWS,/user/MBCnews,이번엔 '부천 나이트클럽'…코로나 방어선 '복병' (2020.05.19/뉴스투데이/MBC),2.7K,2.7K views,/watch?v=7lXgiXrDnmI,,2021-04-17 13:27:56.565206
서울시 · Seoul,/user/seoullive,코로나19 관련 서울시 정례브리핑 - 5월 15일 | 이태원 클럽관련 서울 확진자 83명 | 홍대주점 확진자 이태원클럽 3차 감염 | 노래방 통해 확산,916,916 views,/watch?v=O8NoyUDw7do,,2021-04-17 13:27:56.566517
케이블CMB,/channel/UCli8R56d2rucoSRqzwT6x-g,[대전뉴스] 충남 공주서 이태원클럽 관련 코로나 확진자 발생,289,289 views,/watch?v=MBKnkHTWCvo,,2021-04-17 13:27:56.567982
KBS News,/user/NewsKBS,"코로나19 확진자 총 10,840명…“이태원 클럽 관련 확진자 증가” / KBS뉴스(News)",5.3K,5.3K views,/watch?v=vq_vesx60SM,,2021-04-17 13:27:56.569239
뉴스1TV,/user/news1korea,성소수자(게이)가 말해주는 '블랙수면방'실태 feat. 이태원 게이클럽,21K,21K views,/watch?v=L16rq0VUOCw,,2021-04-17 13:27:56.570479
아이즈매거진,/channel/UCBiSffyBdhIRjYG5q46Td_w,"이태원 클럽, 엄격해진 단속에 결국 할로윈 영업 포기한다",1.3K,1.3K views,/watch?v=1SriPVwRJ_o,,2021-04-17 13:27:56.571927
JTBC News,/user/JTBC10news,이태원 클럽발 '코로나 재확산' 우려…지역사회 비상 / JTBC 정치부회의,1.4K,1.4K views,/watch?v=wJqNCUshZf0,,2021-04-17 13:27:56.573389
YTN news,/user/ytnnews24,이태원 클럽발 집단감염 확산...방역 비상 / YTN,75K,75K views,/watch?v=AWmkaw0gu_A,,2021-04-17 13:27:56.574712
헬로! 경남 - LG HelloVision,/channel/UCmlgtxLebwbFTBAD1bbr6NA,이태원 클럽발 코로나 확산세 '주춤',9,9 views,/watch?v=5YtHjCMoj6U,,2021-04-17 13:27:56.576083
KTV국민방송,/user/chKTV520,"이태원 클럽 방문자 76명, 2차 전파 사례 43명 - 코로나19 발생현황 중앙방역대책본부 정례브리핑 5/13(수)",14K,14K views,/watch?v=ZKv1OQH3Tog,,2021-04-17 13:27:56.577540
TBC,/channel/UCV5FUnJ-dcymMrHINxrH1mA,이태원클럽 발 코로나19 확산 200510 [TBC-띠비띠],61,61 views,/watch?v=2Uu5Jqp81Z4,,2021-04-17 13:27:56.579759
MBCNEWS,/user/MBCnews,대구에 이태원 클럽발 코로나 확진…열흘간 카페·노래방 방문 - [LIVE] MBC 뉴스데스크 2020년 05월 23일,132K,132K views,/watch?v=Iw182JGqObM,,2021-04-17 13:27:56.581068
경기도청,/user/ggholics,코로나19 이태원 클럽 집단감염 관련 경기도지사 긴급 기자회견 #이태원 클럽 #접촉자 감염검사 #대인접촉금지,1.9K,1.9K views,/watch?v=ax8gOVdw134,,2021-04-17 13:27:56.582270
채널A 뉴스,/user/tvchanews,이태원 클럽발 확진자 108명…‘3차 감염’ 우려 | 뉴스A LIVE,3.9K,3.9K views,/watch?v=RdEqs2kTteg,,2021-04-17 13:27:56.583261
SBS Biz 뉴스,/channel/UCbMjg2EvXs_RUGW-KrdM3pw,"[코로나19, 클럽발 '조용한 전파' 공포 ]1. 이태원발 전파, 공든 탑 '흔들'",163,163 views,/watch?v=yTcSyRaneYo,,2021-04-17 13:28:02.876060
YTN news,/user/ytnnews24,"박원순 ""이태원 클럽 방문객, 익명으로 코로나19 검사"" / YTN",2.9K,2.9K views,/watch?v=HN3T0Lndz3A,,2021-04-17 13:28:02.877374
OBS뉴스,/channel/UComhAmtkBwTPF_PvwN8Gc6w,이태원 클럽발 코로나19 전국 확산 '초비상',40,40 views,/watch?v=QX9AEQIroso,,2021-04-17 13:28:02.878524
YTN news,/user/ytnnews24,'이태원 클럽발' 검사 폭증...추적조사 클럽 확대 / YTN,3.9K,3.9K views,/watch?v=kBTvTwAuLoU,,2021-04-17 13:28:02.879886
연합뉴스 Yonhapnews,/channel/UCj3_t5p4L4aFsvdW3uHjnnw,"""이태원 클럽 관련 확진자 1명, 부천 '메리트나이트' 방문"" / 연합뉴스 (Yonhapnews)",14K,14K views,/watch?v=O-c0AgefmzQ,,2021-04-17 13:28:02.881313
KTV국민방송,/user/chKTV520,이태원 클럽 외에도 인근 업소로 검사대상 확대- 코로나19 대응현황 중앙재난안전대책본부 정례브리핑 5/14(목),7.3K,7.3K views,/watch?v=1fzra12Gsu4,,2021-04-17 13:28:02.882390
연합뉴스 Yonhapnews,/channel/UCj3_t5p4L4aFsvdW3uHjnnw,"인천시장 ""이태원클럽 방문 학원강사의 거짓말로 학생들 무더기 확진"" / 연합뉴스 (Yonhapnews)",64K,64K views,/watch?v=SNpuw4bol7U,,2021-04-17 13:28:02.883898
JTBC News,/user/JTBC10news,'X세대의 성지'도 코로나에…최장수 홍대 클럽 폐업 / JTBC 뉴스룸,13K,13K views,/watch?v=E-W58WLN49U,,2021-04-17 13:28:02.885111
JTBC News,/user/JTBC10news,제주서 이태원 방문 코로나19 확진자 발생 / JTBC News,5.3K,5.3K views,/watch?v=w-qJbilqvLM,,2021-04-17 13:28:02.886390
KBS News,/user/NewsKBS,"이태원클럽 확진 학원강사, 거짓말에 대한 처벌은? / KBS뉴스(News)",2.7K,2.7K views,/watch?v=iALjLgBtDXQ,,2021-04-17 13:28:02.887479
연합뉴스TV,/channel/UCTHCOPwqNfZ0uiKOvFyhGwg,[자막뉴스] 이태원 클럽발 코로나 확산에 불똥 튄 연예계 / 연합뉴스TV (YonhapnewsTV),4.1K,4.1K views,/watch?v=Qn61yuQ2Rgk,,2021-04-17 13:28:02.889024
채널A,/user/mainchannela,♨다시 시작된 코로나19의 악몽!♨ 이태원 클럽에서 일어난 제2의 신천지 사태! | 밀착토크 풍문으로 들었SHOW 240 회 다시보기,923,923 views,/watch?v=EjMklshhL0A,,2021-04-17 13:28:02.890175
YTN news,/user/ytnnews24,이태원 클럽 감염 102명...클럽 '메이드' 방문자 천4백 명 / YTN,40K,40K views,/watch?v=Tm7G_DGQA-8,,2021-04-17 13:28:02.891407
OBS뉴스,/channel/UComhAmtkBwTPF_PvwN8Gc6w,"클럽발 코로나19 집단감염…이태원발 ‘1차 골든타임’ 종료, 3차 감염 번지나 / 고3도 이태원 클럽 방문…홍대 주점 방문자 잇달아 확진",25,25 views,/watch?v=FXdKipSiPok,,2021-04-17 13:28:02.892543
연합뉴스 Yonhapnews,/channel/UCj3_t5p4L4aFsvdW3uHjnnw,이태원 클럽 '안 간' 접촉자 감염 사례 늘어 / 연합뉴스 (Yonhapnews),8.6K,8.6K views,/watch?v=JM-mxpt7qT0,,2021-04-17 13:28:02.894014
KBS News,/user/NewsKBS,[중앙재난안전대책본부] ‘이태원 클럽 관련 확진자’ 하루 새 17명 늘어…모두 148명 - 5월 15일 오전 브리핑 / KBS뉴스(News),2.1K,2.1K views,/watch?v=JWXYeRgB2ew,,2021-04-17 13:28:02.895171
MBCNEWS,/user/MBCnews,"'핼러윈' 방역 비상…""이태원 클럽 발 감염 기억해야"" (2020.10.26/뉴스투데이/MBC)",754,754 views,/watch?v=kUqwV6SDnV0,,2021-04-17 13:28:02.896318
SBS Biz 뉴스,/channel/UCbMjg2EvXs_RUGW-KrdM3pw,이태원 클럽發 코로나19 쇼크…고3 등교수업도 ‘흔들’,272,272 views,/watch?v=WX1N8TYpaXU,,2021-04-17 13:28:02.897463
CTS뉴스,/channel/UClI42JfLL2VyuW-Xhgsawww,코로나19 브리핑 – 이태원 클럽 발 다수 확진자 발생 l CTS뉴스,84,84 views,/watch?v=J1UrA99HM-w,,2021-04-17 13:28:02.898535
KTV국민방송,/user/chKTV520,"이태원 클럽 방문객 5,300여 명 추적 중 - 코로나19 발생현황 중앙방역대책본부 정례브리핑 5/12(화)",13K,13K views,/watch?v=NA3bGnqdYW0,,2021-04-17 13:28:09.308734
KBS News,/user/NewsKBS,[자막뉴스] 이태원 클럽발 코로나19 대구·경북 엄습…방역 비상 / KBS뉴스(News),1.4K,1.4K views,/watch?v=G3o7K8Dz788,,2021-04-17 13:28:09.309779
연합뉴스 Yonhapnews,/channel/UCj3_t5p4L4aFsvdW3uHjnnw,"방역당국 ""전국서 2·3차 감염확인""…이태원 클럽 관련 확진자 148명 / 연합뉴스 (Yonhapnews)",9.6K,9.6K views,/watch?v=nzn5_bxR0_g,,2021-04-17 13:28:09.311308
연합뉴스 Yonhapnews,/channel/UCj3_t5p4L4aFsvdW3uHjnnw,'이태원 클럽 관련' 코로나19 확진자 총 187명…12명 추가 확인 / 연합뉴스 (Yonhapnews),6K,6K views,/watch?v=4q6Gz1nMUPw,,2021-04-17 13:28:09.312788
MBCNEWS,/user/MBCnews,"[투데이 연예톡톡] 박규리, '집단 감염' 이태원 클럽 방문 (2020.05.12/뉴스투데이/MBC)",33K,33K views,/watch?v=sp_z80d8DR4,,2021-04-17 13:28:09.313930
연합뉴스TV,/channel/UCTHCOPwqNfZ0uiKOvFyhGwg,"경찰 ""이태원 클럽발 코로나…1,779명 추적"" / 연합뉴스TV (YonhapnewsTV)",313,313 views,/watch?v=iTlR7TpvHXk,,2021-04-17 13:28:09.315383
인천시,/user/icncityhall,코로나19 이태원 클럽 집단 감염 관련 인천시장 긴급 발표,4.4K,4.4K views,/watch?v=WCpWmQYPfGA,,2021-04-17 13:28:09.316639
안다TV ANDATV,/channel/UCq7af5lj-gUy1qeN9DlNI9g,이태원발 코로나 재확산 공포...'유령도시' 전락하나,183,183 views,/watch?v=GuFZ7_Dhf6A,,2021-04-17 13:28:09.317776
K-Australia호주줄리,/channel/UC8oyPRBe91GOyM3POG_IoPQ,이태원클럽 코로나 전국확산 옆에 마트 가기 겁난다.Corona restart. I'm afraid to go to the mart next to the Itaewon Club.,34,34 views,/watch?v=DmDc7sbLZak,,2021-04-17 13:28:09.319078
용인시,/user/TheYongin,코로나19 이태원 클럽 집단발생 관련 긴급 브리핑,637,637 views,/watch?v=cJo6nxL-jqs,,2021-04-17 13:28:09.320271
YTN news,/user/ytnnews24,"서울 이태원 클럽 접촉자 12명 추가 확진...서울시 ""행정명령 검토"" / YTN",43K,43K views,/watch?v=UyxjCg773UI,,2021-04-17 13:28:09.321473
MTN 머니투데이방송,/user/mtn,[코로나19]이태원 클럽 확진자 벌써 15명…집단감염 공포 재확산 / 머니투데이방송 (뉴스),1K,1K views,/watch?v=X5_7vKTCwvA,,2021-04-17 13:28:09.322772
KTV국민방송,/user/chKTV520,신규 확진 34명 중 이태원 클럽 관련 24명 - 코로나19 발생현황 중앙방역대책본부 정례브리핑 5/10(일),16K,16K views,/watch?v=wof0QJvwXY8,,2021-04-17 13:28:09.323830
MBCNEWS,/user/MBCnews,[투데이 연예톡톡] '이태원 클럽발' 코로나19가 또 발목 (2020.05.14/뉴스투데이/MBC),690,690 views,/watch?v=OAqjYJN4_RU,,2021-04-17 13:28:09.324981
MNC ASIA,/channel/UCGQpRwc10any5L1n4VlhcCQ,이태원 클럽발 코로나 사태. 전문가를 찾아갔습니다 | MNC ASIA,25,25 views,/watch?v=gHMH60MP8UU,,2021-04-17 13:28:09.326188
케이블CMB,/channel/UCli8R56d2rucoSRqzwT6x-g,[대구뉴스] 대구서도 이태원 클럽발 코로나19 확진자 발생,12,12 views,/watch?v=uyKnc5M91R4,,2021-04-17 13:28:09.327371
YTN news,/user/ytnnews24,이태원 클럽 방문 뒤 '거짓말'...인천 학원강사 실형 선고 / YTN,6.6K,6.6K views,/watch?v=KSJIq6bUzbE,,2021-04-17 13:28:09.328801
머니투데이대학경제,/channel/UCgHyNGusQcNEOle1__PpDkw,아유 게이? 이태원 클럽발 코로나19로 성소수자 혐오 확산,1K,1K views,/watch?v=CJ2frGq44_U,,2021-04-17 13:28:09.330130
YTN news,/user/ytnnews24,[시청자브리핑 시시콜콜] '이태원발' 코로나? 지역혐오는 NO! / YTN,732,732 views,/watch?v=u5Rk_yG5UA0,,2021-04-17 13:28:09.331442
MBCNEWS,/user/MBCnews,"이태원 최대 클럽서도 확진…""추가 확산 우려"" (2020.05.13/뉴스투데이/MBC)",2.5K,2.5K views,/watch?v=Z8yy7MOU8t0,,2021-04-17 13:28:09.332809
디에세이 컨설팅,/channel/UCarm7HHnRLfaVUvBNQsBBfg,"디에세이 라이브: 이태원 클럽 코로나 사건, 벌금기록과 공무원 면접 불이익, 시험연기와 몰입",319,319 views,/watch?v=5_42ulAp45c,,2021-04-17 13:28:15.855014
CTS뉴스,/channel/UClI42JfLL2VyuW-Xhgsawww,이태원 클럽발 코로나19 확산.. 6차 전파까지 번져 l CTS뉴스,26,26 views,/watch?v=u8d1DH0UcWU,,2021-04-17 13:28:15.856185
KBS News,/user/NewsKBS,"[코로나19-서울] 신규 확진자 3명, 모두 이태원 클럽 관련 / KBS뉴스(News)",1.6K,1.6K views,/watch?v=DVZ0QejVKG4,,2021-04-17 13:28:15.857314
CNN21방송,/channel/UChHsfB11EzDOq2TJJoTrqbw,"CNN21. 신천지 이후 이태원클럽 코로나 무더기 확산, 등교연기 판단 시사대담",43,43 views,/watch?v=XBGJmAYvc2U,,2021-04-17 13:28:15.858233
YTN news,/user/ytnnews24,"용인 확진자, 이태원 클럽·주점 방문...유흥시설 다시 '방역 비상' / YTN",24K,24K views,/watch?v=nv0VqnSCI9I,,2021-04-17 13:28:15.859461
KTV국민방송,/user/chKTV520,이태원 클럽 관련 오전 9시 기준 27명 - 코로나19 발생현황 중앙방역대책본부 정례브리핑 5/9(토),14K,14K views,/watch?v=jY1aWmenwRY,,2021-04-17 13:28:15.860537
MBCNEWS,/user/MBCnews,코로나19 신규 확진 13명...클럽발 확산 진정세 (2020.05.17/12MBC뉴스),5.4K,5.4K views,/watch?v=NfUgpBEZMPc,,2021-04-17 13:28:15.861669
YTN news,/user/ytnnews24,"이태원 클럽 발 코로나19, 대구·경북 확산...2명 확진 / YTN",2.6K,2.6K views,/watch?v=7Eq-N4LOuWU,,2021-04-17 13:28:15.863026
연합뉴스 Yonhapnews,/channel/UCj3_t5p4L4aFsvdW3uHjnnw,'클럽발 코로나' 닷새 만에 90명 감염…군 장병만 8명 확진 / 연합뉴스 (Yonhapnews),26K,26K views,/watch?v=REiP2URWIdU,,2021-04-17 13:28:22.558313
연합뉴스TV,/channel/UCTHCOPwqNfZ0uiKOvFyhGwg,이태원 클럽발 코로나19 바이러스는 '유럽형' / 연합뉴스TV (YonhapnewsTV),505,505 views,/watch?v=uobiphUS92Q,,2021-04-17 13:28:22.559701
「싸꼰」사사건건,/channel/UCpVw9Y6pqUiCY0Sgc8Ae9mA,[사사건건 플러스] 이태원 클럽 방문자들은 꼭 알려주세요~! 코로나 걸린 거 죄 아니에요_200513(수),651,651 views,/watch?v=M1TxqSVeRbQ,,2021-04-17 13:28:22.560660
MBCNEWS,/user/MBCnews,"""걸려도 안 아파"" 2030 코로나 불감증?…노년층 위협 (2020.05.11/뉴스데스크/MBC)",29K,29K views,/watch?v=7ae4dklw7aI,,2021-04-17 13:28:22.564500
KTV국민방송,/user/chKTV520,이태원 클럽 방문 교직원 41명·이태원 지역 방문 880명- 학교·학원 구성원 이태원 방문조사 진행상황 교육부 브리핑 5/14(목),8.2K,8.2K views,/watch?v=21kURfLZDz8,,2021-04-17 13:28:22.565574
KTV국민방송,/user/chKTV520,"홍대 주점 확진자 5명, 이태원 클럽과 연관 없어 - 코로나19 발생현황 중앙방역대책본부 정례브리핑 5/14(목)",11K,11K views,/watch?v=Pz0HQk8lKss,,2021-04-17 13:28:22.566599
KTV국민방송,/user/chKTV520,이태원 클럽 감염 후 4차 전파 1명 확인- 코로나19 발생현황 중앙방역대책본부 정례브리핑 5/16(토),7.7K,7.7K views,/watch?v=uXPh3ue6d5I,,2021-04-17 13:28:22.567671
YTN news,/user/ytnnews24,이태원 클럽發 집단감염 주춤...대상자 대다수 검사 / YTN,11K,11K views,/watch?v=eLIJcnnjd4k,,2021-04-17 13:28:22.568859
MBCNEWS,/user/MBCnews,이태원 클럽발 확진 94명…대규모 '2차 감염' 우려 (2020.05.12/뉴스투데이/MBC),3.5K,3.5K views,/watch?v=c5Md4b8EI4Y,,2021-04-17 13:28:22.569948
MBCNEWS,/user/MBCnews,[단독] '고3'이 이태원 클럽 다녀가…대면 수업까지 '아찔' (2020.05.12/뉴스데스크/MBC),198K,198K views,/watch?v=inJB4mTAyEg,,2021-04-17 13:28:22.570993
연합뉴스TV,/channel/UCTHCOPwqNfZ0uiKOvFyhGwg,이태원 클럽발 코로나19 바이러스는 '유럽형' / 연합뉴스TV (YonhapnewsTV),246,246 views,/watch?v=zQsCUOEzgBA,,2021-04-17 13:28:22.572286
SBS 뉴스,/user/sbsnews8,'이태원 클럽' 집단 감염 속출…'조용한 전파' 가능성 / SBS,1.3K,1.3K views,/watch?v=2EZIEzESoE4,,2021-04-17 13:28:22.573623
엠빅뉴스,/channel/UCYRrUD5v5j_Ei8sKOo7mhoQ,이태원 클럽 방문자 연락두절 3천 명 계속 숨으면 어떻게 될까? 수억 원대 물어낼 판. 국민들 분노가 들끓고 있다!,563K,563K views,/watch?v=WoDAP65hS7g,,2021-04-17 13:28:22.574730
YTN news,/user/ytnnews24,이태원 클럽發 집단감염 주춤...대상자 대다수 검사 / YTN,1.1K,1.1K views,/watch?v=MqcRa6LBIT8,,2021-04-17 13:28:22.575947
YTN news,/user/ytnnews24,중앙재난안전대책본부 브리핑 (5월 26일)  / YTN,1.6K,1.6K views,/watch?v=bH1NqrQHfeo,,2021-04-17 13:28:22.577145
CTS뉴스,/channel/UClI42JfLL2VyuW-Xhgsawww,"코로나19, 동성애자들이 주로 이용하는 이태원 클럽에서 집단감염 발생 l CTS뉴스",350,350 views,/watch?v=YAApq_RNdU0,,2021-04-17 13:28:22.578251
법률방송,/channel/UChRnJ6XdAANkCOJfmWSASgQ,"“아주 이태원에 오면 죽는 줄 알아“... 코로나 집단감염 그 후, 만연한 성소수자 혐오 / 법률방송뉴스",378,378 views,/watch?v=xTKJxSLana4,,2021-04-17 13:28:22.579317
MBCNEWS,/user/MBCnews,신규 확진 다시 30명대…이태원 클럽발 감염 지속  (2020.05.20/5MBC뉴스),552,552 views,/watch?v=Loa_jJ6nJzM,,2021-04-17 13:28:22.580450
MBCNEWS,/user/MBCnews,"이태원 클럽발 확진 1백 명 넘어…""검사 협조 절실"" (2020.05.12/12MBC뉴스)",15K,15K views,/watch?v=WOGO4ePJuFs,,2021-04-17 13:28:22.581544
KBS News,/user/NewsKBS,이태원 클럽발 코로나19 대구 엄습…방역 비상 / KBS뉴스(News),881,881 views,/watch?v=o6zHXOhFE9A,,2021-04-17 13:28:22.582645
연합뉴스 Yonhapnews,/channel/UCj3_t5p4L4aFsvdW3uHjnnw,"클럽 다녀온 손자에 외할머니 감염…3천명 연락두절, 협조 좀…  / 연합뉴스 (Yonhapnews)",42K,42K views,/watch?v=piMktm7KUXs,,2021-04-17 13:28:29.460972
연합뉴스TV,/channel/UCTHCOPwqNfZ0uiKOvFyhGwg,이태원 클럽발 코로나19 전국 확산 우려…방역 비상 / 연합뉴스TV (YonhapnewsTV),818,818 views,/watch?v=ocuFqb3YIzQ,,2021-04-17 13:28:29.462409
연합뉴스 Yonhapnews,/channel/UCj3_t5p4L4aFsvdW3uHjnnw,이태원 클럽 관련 전국서 3만5천명 검사…총 131명 확진 / 연합뉴스 (Yonhapnews),2.9K,2.9K views,/watch?v=mWihOiynahM,,2021-04-17 13:28:29.463946
딜라이브 서울경기케이블TV 구 계정,/channel/UCuH0h3EVpSc_wTwIgodSO-Q,"[광진] 이태원발 코로나19, 선제적 의심자 파악 중요",32,32 views,/watch?v=Oj9LWuEn8uc,,2021-04-17 13:28:29.465096
매일영어공부,/channel/UCG6y7X-PzLAEaw72Quyon6A,"주간 영어기사 9회 - 이태원클럽 코로나 재확산, 성수자혐오로 번지나",133,133 views,/watch?v=7eNtfywnub4,,2021-04-17 13:28:29.466297
대전MBC 뉴스/Daejeon MBC News,/user/tjmbcnews,'이태원 클럽' 관련 코로나19 검사대상자 564명  5월 12일 뉴스데스크/대전MBC,234,234 views,/watch?v=a0wG73Mt2gk,,2021-04-17 13:28:29.467263
KBS News,/user/NewsKBS,이태원 클럽 관련 확진자 계속 증가…“자발적 검사 권고” / KBS뉴스(News),771,771 views,/watch?v=LtZDvHrgq3s,,2021-04-17 13:28:29.468466
연합뉴스TV,/channel/UCTHCOPwqNfZ0uiKOvFyhGwg,'이태원 클럽발' 軍코로나19 확진자 8명으로 늘어 / 연합뉴스TV (YonhapnewsTV),690,690 views,/watch?v=_EISfTEMkOo,,2021-04-17 13:28:29.469781
연합뉴스TV,/channel/UCTHCOPwqNfZ0uiKOvFyhGwg,[뉴스프리즘] 이태원 클럽발 코로나19에 다시 멈춰선 한국 / 연합뉴스TV (YonhapnewsTV),1.4K,1.4K views,/watch?v=izUIvb0XeKY,,2021-04-17 13:28:29.471111
국민의소리TV국민BIZ TV,/channel/UC8F1gvPqfB1YqP4LW5XLsXA,국방부 사이버사령부하사 코로나19 확진 이태원클럽방문 용인66번환자동선 겹쳐 국민의소리TV 이소미기자,53,53 views,/watch?v=HDdBFIp5810,,2021-04-17 13:28:29.472387
YTN news,/user/ytnnews24,이태원 클럽 관련 추가 확진...전국 곳곳에서 확진자 속출 / YTN,39K,39K views,/watch?v=RcGvTeKCzcY,,2021-04-17 13:28:29.473615
JTBC News,/user/JTBC10news,"박원순 ""이태원 클럽 방문자 3천명 연락두절…'자택 추적' 불사"" / JTBC 뉴스ON",2.3K,2.3K views,/watch?v=-pcO2em__-Q,,2021-04-17 13:28:29.474946
YTN news,/user/ytnnews24,이태원 클럽 집단감염 환자 100명 넘어...2차 감염도 29명 / YTN,4K,4K views,/watch?v=ct9X-740lHk,,2021-04-17 13:28:29.476170
채널A 뉴스,/user/tvchanews,이태원 클럽 관련 확진자 106명…진앙지 또 있다 | 뉴스A,175K,175K views,/watch?v=96t7hl1KE90,,2021-04-17 13:28:29.477274
YTN news,/user/ytnnews24,[뉴스큐] 이태원 클럽발 확진자 90명 육박...코로나19 재확산 불씨 되나? / YTN,30K,30K views,/watch?v=sJhCOJlxq_U,,2021-04-17 13:28:29.478370
MBCNEWS,/user/MBCnews,'이 시각 이태원' 클럽은 닫았지만 인파에 초긴장 (2020.10.31/뉴스데스크/MBC),6K,6K views,/watch?v=v0P_uOjlRH0,,2021-04-17 13:28:29.479405
KBS News,/user/NewsKBS,이태원 클럽 관련 확진자 100명 넘어…“방심하면 폭발적 감염” / KBS뉴스(News),1K,1K views,/watch?v=4S0NhzkM_SY,,2021-04-17 13:28:29.480432
세계일보,/channel/UCzwT19hkdAkZIil8WdgzdgA,쿠팡 부천물류센터서 이태원 클럽발 5차 추정 코로나19 확진자 발생,1.5K,1.5K views,/watch?v=og_9oN09XYA,,2021-04-17 13:28:29.481391
DESORDRE CHANNEL,/channel/UC6pCQKDcDreVnEVi7cAsm9g,이태원 게이클럽 용인66번 확진자 다녀간 그날 내부 영상,439K,439K views,/watch?v=6H7_EU8voFk,,2021-04-17 13:28:29.482597
JTBC News,/user/JTBC10news,"'이태원발 코로나' 이전부터 확산 가능성…""감염원 한 명 아닐 수도""/ JTBC News",1.4K,1.4K views,/watch?v=vN_1mPqexGQ,,2021-04-17 13:28:29.483923
